Référence Article;Désignation Article;Qté Stock Réel;CMUP Unitaire;Montant Stock (CMUP)
305000;POMPE GASOIL E80/M 230V;10; 1 688,468;16 885
316;POMPE A MAIN;5; 2 114,23;10 571
550000;COMPTEUR K33;13;972,52;12 643
560000;COMPTEUR K44(4 CHIFFRES);5; 1 453,96;7 270
641;" PISTOLET 1""              ";27;124,5652;3 363
001125-001;FUSIBLE MECANIQUE/COMPT.;3;55,52;167
11681001;GALET;6;457,26;2 744
36303;POMPE BI-POMPE 24V;7; 1 992,8314;13 950
6042001;ROULEMENT A BUTEE;3;795,6;2 387
6308001;GOUPILLES;2;8,92;18
006511-002;VIS;14;20,99;294
10002414;JOINT TORIQUE;6;92,25;554
10004028;GARNITURE;2;49,75;100
10004401;GOUPILLE;20;3,75;75
10106609;JOINT A LEVRE;2;46,8;94
10114800;FREIN;6;5,19;31
10115205;ROULEMENT FLOTTANT;2;17,98;36
10118900;JOINT DE FLASQUE;50;1,58;79
10565442;RESSORT DU BY-PASSE;6;11,52;69
01084-400112;MICRO RECEPTEUR 4 BOUCLES;0;0;0
01098-001010;CONVERTISSEUR RS232/20MA;1; 7 903;7 903
011680-001;COUSSINET/PALIER;1;85;85
011681-001;GALET (KIT DE 4);6;476,59;2 860
11684001;PIGNON;4;676,01;2 704
13664001;ROULEMENT DE ROTOR;2; 1 749,26;3 499
14123001;ROLLER BLADE;3;205,61;617
15170400;VIS;10;0,68;7
20004018;ROULEMENT;4;111,46;446
20116308;SIEGE DE VALVE GRAFITE;2;155,43;311
20566607;PLAQUE DE MAINTIENT;126;1,44;181
20569911;TETE DE POMPE;13;35,76;465
035022_180;TUBE EN CSM POUR POMPE DELASCO GZ40;-1; 1 514,14;-1 514
03565-51;" RENVOI D'ANGLE 90ø 1"" 1/2";1; 1 707,2;1 707
0399400I;RONDELLE RESSORT;4;0,13;1
470200;RONDELLE PLATE;6;0,13;1
50101503;POINGNEE R.A.Z;3;201,29;604
50104800;COUVERCLE DU BY-PASSE;3;83,89;252
50105715;SIEGE DU BY-PASSE;9;94,16;847
50114502;BAGUE DE JOINT;6;8,77;53
50115806;PIGNION D'ENTRAINEMENT;3;112,79;338
50116902;TIROIR;2;245,78;492
50117007;COUVERCLE DE FOND;3;100,11;300
50117212;COULISSE SUPERIEURE;3;81,96;246
50117311;COULISSE INTERIEUR;3;81,96;246
50118300;ENTRETOISE DE BLOCAGE;6;3,6;22
50121204;VALVE;2;91,73;183
50143510;BAGUE DE GARNITURE;5;55,31;277
50148803;S/E VILLEBREQUIN;2;89,02;178
50230319;AXE DE COMMANDE;4;144,34;577
50231200;PIGNION D'ENTRAINEMENT;3;173,25;520
50231705;LEVIER DE R.A.Z;10;10,23;102
50233006;LEVIER D'ENTRAINEMENT;6;24,49;147
50234200;COLLIER;3;23,44;70
50560309;GROUPE COMPLET;1; 3 820,62;3 821
50565006;RONDELLE DE PISTON;50;0,43;22
0542300I;BOULON DIN 933;4;0,67;3
057022-EPD;TUBE RECTIFIE EPDM;0;0;0
0604ALL3DN65;"FLEXIBLE DEPOTAGE 3M2""""1/2""";1; 1 690;1 690
0604DN3L40;" FLEXIBLE LG 40M 3""APLATIS";2; 12 486,23;24 972
0604GGL3DN80;" FLEXIBLE DEPOTAGE AL 3M3""";6; 1 291,91;7 751
0604GGL5DN80;" FLEXIBLE 5M 3"" EN BRONZE ";0;0;0
0604GGL6DN80;" FLEXIBLE ALU 6M 3""       ";1; 1 198,04;1 198
617500;BUTOIR PROGRESSIF D30X30;0;0;0
617700;ECROU AUTOBLOC;6;0,27;2
068022-CNR;TUBE RECTIFIE NR DL55;0;0;0
71752053;PALETTE;1; 3 397,17;3 397
731800;RESSORT;0;0;0
0788700-901;SOUS ENSEMBLE COMPLET D'INDICATEUR;0;0;0
807333;PLATINE TRANSMETTEUR;1; 12 012,26;12 012
904005009;KIT DE JOINTS EN R-PTFE + SECURITE FEU POUR VANNE ALFA 24 K3'';0;0;0
904005035;" VANNE ALFA 24K 2""        ";3; 7 854,07;23 562
096208-000;DELASCOIL BIDON DE 5L;-2;0;0
9811;GARNITURE MECANIQUE;1; 1 582,72;1 583
984;VALISE ETALCOMPT GPL DN50;2;0;0
09F1151006;" S/ENS CORPS VANNE 2""     ";1; 2 481,96;2 482
09F1151013;S/E JOINT CORPS P/VANNE;2;707,86;1 416
09F2059002;" FLEX INOX 1/2"" MXM L5500 ";1;932,29;932
1000-J-50;GROUPE DE LAVAGE 50 BARS;-11; 9 674,9955;-106 425
1001673;TUYAU DE POUDRE DIAM 10/15;0;0;0
100520;BRIDE A SOUDER;8;639,5575;5 116
100I10;POMPE MOINEAU;-1;0;0
101036000;" CLAPET 40X76 (1""1/2)     ";17;826,3941;14 049
101037000;INTERIEUR  DE CLAPET;13;461,7292;6 002
10/11/2002;EVENT TELEPHONE DN 40;55;202,2598;11 124
10/11/2011;" EVENT TELEPHONE 2""DN50   ";4;322,6475;1 291
103425;FOURCHETTE D'ENTRAINEMENT;4;103,83;415
104083;FILTRE;1;666,68;667
104087;FILTRE DEGAZEUR;1;864,32;864
104434;TUYAU SPIRALE D100/105;0;0;0
105139;ROULEAU DE 60M;0;0;0
110192;RESSORT EMETTEUR IMPULSIONS;1;0;0
115959;SPACER POUR POMPE 2;9;26,5;239
11703350;FILTRE;1;417,03;417
12152014;BAGUE D'ARRET REP.23;1;530,28;530
121676000;" CLAPET TAP 3"" (SECURITE) ";-3; 1 258,56;-3 776
121689;OBTURATEUR INTERNE SECURITE TAP 3'';19; 1 274,7732;24 221
121705000;LEVIER DE CDE INTERNE;3; 1 120,9;3 363
12204161;GAINE;1;463,99;464
1227010006;" JOINT VIROLE ROND 16""    ";23;92,59;2 130
1227010007;JOINT COUVERCLE MANOL;102;95,1982;9 710
1234900;ROUE GUIDE;4;61,95;248
1238100001;JOINT DE VIROLE OVALE;10;118,55;1 186
1239800;" SOUPAPE DE VANNE 1/2"" F-F";1;77,72;78
12469036;BAGUE DE BIELLE;1;467,24;467
12470001;BIELLE;1; 3 501,97;3 502
12548;JOINTS DE BACHE;7;284,42;1 991
1265082000;EMBOUT 80;1;224,7;225
1272102000;EMBOUT 65;1;328,26;328
12721826;" S/E AXE VANNE FIDLOCK 3"" ";7;282,05;1 974
12721827;S/E POIGNEE CDE FIDLOCK;5;569,298;2 846
1272192400;S/E RESSORT  FIDLOCK 100;5;169,47;847
127222;VANNE FIDLOCK SE80 SYM;0;0;0
12800060;" PRESSOSTAT 3/8""          ";4;136,8625;547
12800080;PRESSOSTAT SPL TRI 20A;18;194,1244;3 494
1300CR;PISTOLET ANTI-ROSIGNOL;1;168;168
1302;MANOMETRE D'HUILE;1;460,25;460
13075;ETOILES D'ENTRAINEMENT;4;452,97;1 812
1311024000;VIROLE AC ROND;20;766,371;15 327
1,32331E+11;TRANSMETTEUR DE NIVEAU;0;0;0
13382;BAGUE;6;332,97;1 998
13501060;POULIE MOTEUR;0;0;0
13684;ROTOR PR 1000-J-50;6; 3 479,965;20 880
13M125;POMPE MOINEAU HORIZONTALE;0;0;0
14160293;" KIT JOINTS HEAVY-DUTY 4"" ";6;607,66;3 646
1426500;BUSE 1/4;2;30,24;60
1426949100;KIT JOINT VISSERIE TTMA 4'';2;699,715;1 399
1429191000;PINCE A MACHOIRE M/TERRE;2; 1 579,91;3 160
14298410;CABLE EQUIPE DE COSSES10M;1;14;14
143187000;" COUDE TOURNANT MEDIAM 3"" ";1; 4 525,58;4 526
1431880000;"COUDE ARTICULE TOURNANT 4""";2; 5 200,22;10 400
1435120005;" RESSORT DE PISTON 4""     ";2;223,06;446
14351591;KIT FIAB  LEVIER CDE;2;815,08;1 630
14351593;"CAME D'OUVERTURE VANNE 4""";0;-30,12;-30
14351594;KIT DE JOINTS;6;381,345;2 288
1435159500;" S/E JOINTS FIAB 4""       ";14;413,73;5 792
14351610;" S/E PIST ASSBLE VANNE F4""";7; 4 385,99;30 702
14351620;S/E AXE CDE DN100;2; 1 349,79;2 700
14351650;" S/E CLAPET DEC FIAB 4""   ";4;649,97;2 600
1437160000;CASSE-VIDE A JOINT TORIQU;4; 1 214,71;4 859
14400290;" SOUPAPE DE RETENUE 1""M   ";13;167,81;2 182
14401350;" SOUPAPE DE SECURITE 3/8"" ";38;190,5253;7 240
145022;" BOITE D'EGOUTTAGE 4""     ";2; 1 151,465;2 303
145023000;BOITE D'EGOUTTAGE DN80;0;0;0
1454;BAGUE DE BOURRAGE TEFLON;0;0;0
1464400;RESSORT DE TRACTION;1;146,8;147
14800020;THERMOSTAT IN-85C AUT 70C;7;92,0271;644
14800100;THERMOSTAT IN-35C AUT-25C;7;87,0214;609
1490910000;" KIT COUD TOURNANT 3""     ";2;368,06;736
149092;" KIT COUD TOURNANT 4""     ";5;868,29;4 341
149252;BORNE DE PARCAGE ISOLEE;1;605,59;606
15000060;MANOMETRE D63 1/4;20;38,0335;761
15066-PM;JOINT TORIQUE;23;68,48;1 575
1529219300;CARTE ELECTRONIQUE DCMT3;0;0;0
15300320;ROBINET PURGE D EAU;21;8,251;173
1567500;AMPLIFICATEUR PHOTOELECT.;2;867,21;1 734
1567600;EMETEUR PHOTOELECT.AMPL;1;403,24;403
1567700;RECEPTEUR PHOTOELECTR.AMP;1;486,66;487
15882;GAINE;1; 1 019,65;1 020
1622400I;GOUPILLE ELAS.DIN7343INOX;6;0,8;5
16240-08-1;JEU DE JOINT CLAPET 6240;1; 3 313,15;3 313
16300130;FILTRE SILENCIEUX BRONZE;2;31,97;64
16431;ENROULEUR EL50;5; 8 367,26;41 836
1686800;JOINT TORIQUE 10.82X14;1;0,67;1
1687500;POMPE DOSEUSE PNEUMATIQUE;1; 1 790,73;1 791
1688300;ELECTROSOUPAPE 3/2-24V CC;1;423,13;423
1688400;" ELECTROSOUPAPE 1/2"" 24V  ";0;0;0
170177;FLEXIBLE DE PEINTURE;0;0;0
1725-2X;KIT D'ETANCHEITE;0;0;0
1739;SEGMENT TRFLON;0;0;0
1740;RESSORT DE SEGMENT;0;0;0
1762.2;CHARIOT POUR FUT 200KGS;2;973,67;1 947
1767B;COMPTEUR A HUILE;2; 2 031,3;4 063
1772;SEGMENT TEFLON;0;0;0
1775;RESSORT SEGMENT;0;0;0
1833;VIDANGE CARTER;1; 2 331,39;2 331
183G-1013CE;RESERVOIR SOUS PRESSION GALVANISE 40L AV AGITATEUR DOUBLE DETENTE;0; 4 900,23;4 900
183S-213-CE;RESERVOIR SOUS PRESSION 10L AV AGITATEUR CAPACITE 10L;0;0;0
18403;JOINT PR STATOR J2T SC;5;13,18;66
1852700;ETRANGLEUR;1;385,74;386
1885000;PLAQUE EN CAOUTCHOUC;0;0;0
1888700;ELECTROVANNE 1/2 24V;1;875,86;876
19200090;FICHE ELECTRONIQUE SIL2;2;543,07;1 086
19260;CLAPET AR DN80;1; 1 452,23;1 452
200030-78921;CIRCUIT MOTEUR ITG;1; 2 755,3;2 755
200030-78931;BLOC MOTEUR ITG;2; 5 615,02;11 230
200030-79231;CARTE CPU;1; 6 888,24;6 888
20057251;GARNITURE MECANIQUE;1; 2 737,45;2 737
2012;LANCE DE LAVAGE;29;250;7 250
2012-LAVAGE;Pistolet de lavage;-1;500;-500
20145;POMPE TXH3 AV C/B SOUDER;2; 18 267,61;36 535
2018;BY PASS;8;550;4 400
20493;FILTRE AVANT FS50;4; 2 212,18;8 849
20RLB-360;POCHETTE DE JOINT 20T;3;357,21;1 072
211125;BRIDE 090-120MM;0;0;0
2183;STATOR;1; 1 978,21;1 978
2186100;ROUE GUIDE;4;148,65;595
2212700;ROUE GUIDE;2;130,05;260
2214800;ACCROCHAGE;6;18,06;108
2216400;AXE;2;54,72;109
2-233D;JOINT;4;162,69;651
2236100973;RESERVOIR VERTICAL 500L;3; 2 673,45;8 020
2-247D;JOINT;2;260,77;522
2-261D;JOINT;4;384,24;1 537
230011;GARNITURE PRESSE-ETOUPE;1;280,84;281
230041;PIGNON 8 DENTS;18;20,92;377
230085;PIGNON CONIQUE 30 DENTS;1;379,03;379
230087;AXE DE PLATEAU;6;491,26;2 948
230088;AXE;1;53,23;53
230089;AXE;4;247,36;989
230091;FOURCHETTE ACIER;10;293,81;2 938
230118;PIGNON 18 DENTS;2;352,67;705
230120;PIGNON 20 DENTS;1;393,86;394
230122;PIGNON 22 DENTS;2;362,17;724
230123;PIGNON 23 DENTS;3;367,47;1 102
230124;PIGNON 24 DENTS;3;367,47;1 102
230125;PIGNON 25 DENTS;5;353,84;1 769
230126;PIGNON 26 DENTS;4;358,2;1 433
230127;PIGNON 27 DENTS;1;290,38;290
230128;PIGNON 28 DENTS;3;383,37;1 150
230129;PIGNON 29 DENTS;7;300,82;2 106
230130;PIGNON 30 DENTS;1;302,92;303
230132;PIGNON 32 DENTS;5;334,75;1 674
230133;PIGNON 33 DENTS;3;383,37;1 150
230134;PIGNON 34 DENTS;3;358,2;1 075
230135;PIGNON 35 DENTS;4;362,37;1 449
230232;POIGNEE RAZ;4;293,62;1 174
230243;JOINT DE CADRAN;17;76,73;1 304
230322;AXE;3;174,5;524
230396;JOINT DE BACHE N30;4;394,58;1 578
230502;CHAMBRE DE MESURE PR 4D22;3; 11 573,69;34 721
230533;GARNITURE;2;403,57;807
230569;MEMBRANE;3;712,96;2 139
230607;JOINT;9;43,64;393
230954;KIT1/2 ACCOUPLEMENT INTERNE;2;0;0
23104;COUPLEUR;2;97,53;195
23204;COUPLEUR;3;147,27;442
234869;ECROU;0;0;0
235226;PIGNION 36 DENTS;9;255,42;2 299
235227;PIGNON 42 DENTS;4;261,43;1 046
235584;PIGNON 34 DENTS;2;245,4;491
235585;PIGNONS 38 DENTS;6;258,76;1 553
235586;PIGNONS 40 DENTS;5;258,76;1 294
235721;CODEUR;1;0;0
238333;BOUCHON;0;0;0
239998;TICKETS PR IMPRIMEUR F.U;1;808,06;808
2476-X;VILBREQUIN;0;0;0
250007;PALETTE DURAVANE POUR TXD2A;4;421,1825;1 685
250299;JOINT TORIQUE;3;215,43;646
250309;RESSORTS;5;211,66;1 058
250310;GARNITURE MECANIQUE;2; 6 653,73;13 307
250311;PALETTE DURAVANE;18;610,9533;10 997
250337;GARNITURE MECANIQUE;3; 1 574,92;4 725
250614;GARNITURE MECANIQUE;1; 1 354,73;1 355
250620;GARNITURE MECANIQUE;4; 2 951,2;11 805
250644;JOINT TORIQUE VITON;2;834,66;1 669
2526.XA;JEU DE JOINTS BUNA N ALU;0;0;0
25442;GROUPE D'EPALEMENT MODELE EPE48 AVEC COMPTEUR ELECTRONIQUE I 1215;0;0;0
256765;BOUCHON;0;0;0
25767;FILTRE SEPARATEUR DE GAZ;2; 12 201,58;24 403
2592500;RODILLO;2;264,25;529
2592600;EJE RUEDA GUIA;2;322,72;645
25M12S;POMPE A ROTOR EXCENTRE;0;0;0
26025;FUT GALVANISE;16;607;9 712
26025-1;FUT ACIER NOIR;31;111,1113;3 444
26036;INTERRUPTEUR A FLOTTEUR;8;33,33;267
26037;FLOTTEUR 3/4 PR SYSTEME;-6;104,17;-625
2608;EMBOUT;1;18;18
2609;EMBOUT;22;-46,4123;-1 021
2625;ROBINET DE PURGE;1;11,1;11
268054;BOUCHON ;0;0;0
270006;RESSORT;1;152,14;152
27024179;GAINE;-3;0;0
27024-179;GAINE;3; 1 385,25;4 156
27073AZI;BROSSE;2;648,45;1 297
2717;JOINT DE CLAPET ALU;1;51,33;51
2719;ROULEMENT CONIQUE;0;0;0
272;POMPE DISTRIBUTION GASOIL;1; 3 200;3 200
27269679;KITS COURROIE 40CV 8BAR;4;602,5;2 410
27345877;FILTRE;3;88,89;267
2750100;" CHAINE TRANSPORT 4""6502MM";1; 7 556,25;7 556
2750200;" CHAINE TRANSPORT 4""3251MM";1; 3 778,19;3 778
27673881;PRESSOSTAT DE REGULATION;2;714,81;1 430
27906633;SOUPAPE ELEC.3VOIES 220V;1;562,88;563
28092001;ENTRAINEUR REP.25;1; 1 868,07;1 868
28162028;AXE;0;0;0
282012;BOUCHON;1;912,85;913
282100;JOINT;1;82,52;83
282103;JOINT;1;376,49;376
282119;JOINT TORIQUE;1;237,24;237
282121;BOUCHON;2;722,03;1 444
282126;GARNITURE;1;201,14;201
282127;JOINT EN TEFLON;1;254,52;255
282130;JOINT POUR COUPLING;3;585,41;1 756
282131;GALET COMPLET;3;288,81;866
282132;JOINT TORIQUE;1;304,28;304
282133;BAGUE D'ETANCHEITE;1;440,95;441
282134;JOINT TORIQUE;1;38,68;39
282135;GALET;1;123,78;124
2822900;COURROIE;2; 1 443,97;2 888
2824100;COUVERCLE TUYERE;0;0;0
2828200;DETECTEUR INDICIF D12-3H;1;266,72;267
2829000;BASE RELAIS MINIATURE 4 Réf.;1;40,21;40
2829100;RELAI 4 CONTACTEURS 24V;2;151,27;303
2834400;TURBO VENTILATEUR 7.5KW;0;0;0
2834500;TURBO VENTILATEUR 7.5KW;0;0;0
28353;POMPE LGL3;1; 26 744,17;26 744
28364001;ENTRAINEUR;1; 2 314,4;2 314
28365046;BAGUE D'ARRET;0;0;0
28366028;AXE COTE ROTOR;0;0;0
28369037;BAGUE D'ENTRAINEUR;2;348,24;696
28725161;GAINE PR PPE 60I5;1;498,27;498
28725179;GAINE;2;729,28;1 459
28861014;BIELLE INOX PR 60I5;0;0;0
2915900;VARIATEUR FREQ.1X230V;1; 2 260,89;2 261
2918100;ROUE GUIDE;2;569,71;1 139
2921400;EJE SOPORTE RUEDA;4;311,35;1 245
2924800;DETECTEUR INDUCTIF D30-3H;2;360,83;722
2940200;MODULE AS-I 4E;1; 1 001,29;1 001
2947300;MODULE AS-I 4S;1; 1 041,18;1 041
2947400;MODULE AS-I 4E/4S;1; 1 140,85;1 141
2960000;SOURCE D'ALIMENTATION;0;0;0
2965400;DETECTEUR INDUCTIF D18-3H;2;284,04;568
2F0373J;JEU DE 2 COUSSINETS;3;763,91;2 292
2F0377J;JEU DE 2 COUSSINETS;1;901,87;902
2F0377N;2 COUSSINETS CARBO;1;995,18;995
2F0377P;2 COUSSINETS CARBO;2;914,51;1 829
2P+T16A220V;PRISE 2P+T 16A 220V;1;25;25
2RLBE-360;POCHETTE DE JOINT 2T;1;206,66;207
30202000;VILBREQUIN K30;2;592,29;1 185
30203710G;VILEBREQUIN K50;1;12,7;13
30302150;ARRET D'HUILE;5;16,474;82
3050016A;" JOINT BOUCHON D'ECH.3/8"" ";10;1,87;19
30502270;JOINT K30;0;0;0
30502330;JOINT K30;0;0;0
30DJ700;AXE BROSSE;1;879,11;879
30DV700;RELAIS 1CTO 1MA/5A 24V;2;82,02;164
30DV800;BASE RELAIS DE PRISE INO;0;0;0
30LJ400;AXE ACTIONNEUR OSCILLANT;0;0;0
30LJ600;RESSORT DE TRACTION INOX;0;0;0
30LJ700;ACCROCHAGE RESSORT;0;0;0
30NK0FA;Carte éléctronique;0;0;0
30RD800;RELAIS 24V CC 1X2A;1;186,25;186
30RR900;COQUE SECURITE;0;0;0
30RS000;ARC SUPPORT COQUE;0;0;0
30RS100;SUPPORT CAPTEUR;0;0;0
30RS300;TUYERE SUPERIEURE;0;0;0
31101990;BIELLE COMPLETE+DOUILLE;8;409,5188;3 276
31102130;JEU DE COUSSINETS;21;53,4776;1 123
31202160;ANNEAU COMPR.LPD105K30K60;17;39,1429;665
31202170;SEGMENT HUILEUR BP K30K60;19;45,7595;869
31202180;SEGMENT RACLEUR BP K30K60;37;70,31;2 601
31202200;SEGMENT HUILEUR HP D52K30;19;24,8237;472
31202210;SEGMENT RACLEUR HP K30K60;19;33,0489;628
31202240;AXE DU PISTON HP K30 K60;1;21,96;22
31203390;ANNEAU DE COMPR.HP D52;21;20,7624;436
31203910G;AXE DU PISTON BP;1;25,27;25
31203920G;AXE DU PISTON HP K50/K100;1;25,27;25
31203960;SEGMENT RACLEUR K50-K100;4;131,93;528
31204000;ANNEAU DE COMPR.K50-K100;10;55,14;551
313934010;CEINTURE AVANT;2;53,15;106
313985011;ENTRAINEUR;1;162,92;163
31402910;COURBE;4;47,99;192
31402920;ATTACCO;4;67,18;269
31602020;CYLINDRE K30 K60;3;821,73;2 465
31604010;CYLINDRE K50K100;1; 1 089,31;1 089
316825001;CEINTURE ARRIERE;2;60,64;121
31767-043;CHAPEAU;4;347;1 388
318744;BUSE ;0;0;0
318779;PORTE ELECTRODE;0;0;0
31EM100;EJE RODILLO;2;334,23;668
31EM200;ROUE D4ENTRAINEMENT;4;186,51;746
31EM300;RODILLO;2;525,83;1 052
31EM400;ROULEMENT;0;0;0
31GQ600;TETE ARTICULE M16;1;148,03;148
31GV200;BOUTON POUSSOIR D16;1;80,26;80
31GZ900;ECROU;1;24,22;24
31JQ500;ETIQUETTE TECLADO;0;0;0
31MR800;TUERCA APRIETE ROTULA;1;72,94;73
31MS100;CUERPO ROTULA;1;196,7;197
32022261;TUBE CORPS DE POMPE;4;573,42;2 294
32545070;JEU DE JOINTS K25;3;182,8167;548
32545100;JEU DE SEGMENT K22;3;268,2867;805
32545200;JEU DE CLAPET;3;56,9467;171
32546000;JEU DE JOINTS K30;20;232,064;4 641
32546100;SEGMENTS K30 216-217-218;9;283,2678;2 549
32546200;JEU DE CLAPETS K30 INOX;21;97,4005;2 045
32547000;JEU DE JOINTS K50;3;377,83;1 133
32703670;PLAQUE BASE K50;4;556,63;2 227
32704040;PLAQUE CLAPET K10;4;623,81;2 495
32706150;PLAQUE CLAPET ASP;4;623,81;2 495
33022261;TUBE CORPS DE POMPE CZ27;15;593,192;8 898
33304;POULIE MOTEUR;0;0;0
339130;TUBE D'ASPIRATION;0;-0,01;0
34411;KIT 3 ETOUPE (34411108K3);2;98,12;196
34411122;ECROU DE PRESSE ETOUPE;1;22,67;23
34411122K3;KIT 3 ECROU DE PRESSE ETP;1;102,28;102
34423121F;PRESSE ETOUPE EMAIL;2;128,61;257
35022261;TUBE CORPS DE POMPE CZ40;0;0;0
35602380;FILTRE A AIR;12;63,33;760
35602940;FILTRE A AIR;18;57,6061;1 037
35646460;FILTRE COMPLET;3;146,7533;440
35TY773054;CUVE VERTICALE 500L + ACC;3; 3 900,6367;11 702
-360;H;8;57,65;461
360236;JOINT;0;0;0
36096;POMPE  A HUILE 200KG;18; 1 694,9672;30 509
361453;TUYAU POUDRE;0;0;0
362090;VENTILATEUR;1;30,4;30
362280;PIGE DE VERIFICATION USURE;0;0;0
3650030A;BOUCHON DE REMPLISSAGE;7;17,2429;121
37302460;VIS DE BIELLE;20;3,62;72
37500;SURPRESSEUR A HUILE 25KG;10; 3 742,52;37 425
37703;PISTOLET COMPT.MECANIQUE;14; 1 959,0579;27 427
37711;COMPTEUR DIGITAL;1;756,75;757
37713;COMPTEUR DIGITAL+PISTOLET;0;0;0
37728;PISTOLET HUILE+DOSEUR DIG;27; 1 086,2;29 327
37801;REGULATEUR PRESSION+MANO;20;207,8555;4 157
37810;REGULATEUR PRESSION;16;194,9425;3 119
37815;REGULATEUR PRESSION;17;402,2018;6 837
38042;BRIDE D42MM X POMPE A FUT;5;93,44;467
38206014;ROTOR 13I10;2; 12 925,78;25 852
38213263-021;PORTE FUSIBLE;2; 1 597,33;3 195
3857.X;CLAPET REFOULEMENT;0;0;0
3948-X;CLAPET ASPIRATION;0;0;0
395382;RESERVOIR POUDRE CPL HF02-100;0;0;0
3G15U1000RVFV;CABLE ELECTRIQUE;300;8,67;2 601
3M6F;POMPE A ROTOR EXCENTRE FONTE;1; 6 880,39;6 880
3P+T16A380V;PRISE 3P+T 16A 380V;3;28;84
3P+T+N32A380V;PRISE 3P+T+N 32A 380V;1;45;45
40087046K;CIRCLIPS 33E;3;25;75
40138;BAGUE 25-39-26 NAP31-01;2;498,67;997
40139;INTERBAGUE 25-04-06 IN 31;2;236,29;473
40169;INTERBAGUE PR 1000-J-50G;19;595,3026;11 311
40174;BAGUE GARNITURE PR 1000-J-50G;19; 1 203,2;22 861
40430;JOINT DE BRIDE;2;226,74;453
40644160;JOINT A LEVRES 60X90X10;0;0;0
40646160;BAGUE D'ETANCHEITE;4;92,54;370
40692-160;JOINT TORIQUE 196.22X6.99;0;0;0
40727185;JOINT TORIQUE;2;96,77;194
40743;JOINT;9;43,53;392
40930-186;JEU DE JOINT PR GM D60;0;0;0
4098;AXE DE BIELLE;10;206,08;2 061
4100-26;BIELLE POUR 1000J50;0;0;0
41-142;MANOMETRE DE 0 A 60 BARS;50;70;3 500
4116007109;COMPRESSEUR SILENCIEUX;1; 15 236,31;15 236
4116020314;COMPRESSEUR D'AIR 500L;0;0;0
41-2661;FILTRE ACETAL;2;423,135;846
43091;ASPIRATEUR PNEUMATIQU 90L;0;0;0
4,33242E+11;ROUE A AILETTES;2; 3 526,85;7 054
4595;ENS.KIT ENTRETIENT;2;352,67;705
4797;AXE DE BIELLE;6;169,755;1 019
4900-5-1-K3;BROSSE DE NETTOYAGE;8;126,1;1 009
4972;FEUTRE;11;14,7;162
4973;JOINT;5;13,52;68
4F0459L;4 BAGUES ETANCHEITES;2;534,87;1 070
4RLB-360;POCHETTE DE JOINT 4T;1;247,25;247
500361-7233;B;2;332,96;666
504041583;GARNITURE MECANIQUE;3; 1 410,15;4 230
506691;JOINT TOURNANT;1; 1 908;1 908
507571-8;JOINT TORIQUE VANNE 210;1;122,42;122
5125;"JONCTION SYM.1""1/2";-60;0;0
5128;"JONCTION SYM.3""ALU";-70;0;0
514932-040;BASKET;1; 5 352,27;5 352
5165;"BOUCHON SYM.1""1/2";-50;0;0
5168;"BOUCHON SYMETRIQUE ALU 3""";-70;0;0
518630-001;GARNITURE;2;347,02;694
52450014;ARBRE DE COMMANDE;-1; 3 366,37;-3 366
52450-014C;ARBRE DE COMMANDE D25X50;2; 3 735,17;7 470
52535103;RESSORT;1;70;70
525351-3;RESSORT VANNE 210;3;356,88;1 071
530 000 003;FILTRE ASPIRATION;2; 2 681,74;5 363
530 999 004;FILTRE PAPIER 160/300M3/H;1;164,63;165
531 000 001;FILTRE A HUILE R5;6;312,33;1 874
531 000 002;FILTRE A HUILE R5 025/100;9;228;2 052
531 000 005;FILTRE HUILE;4;133,9825;536
532 000 002;CARTOUCHE ENREE AIR025/06;5;292,88;1 464
532 000 003;CARTOUCHE ENTREE AIR100;8;516,16;4 129
532 140 155;FILTRE SORTIE AIR;2;493,35;987
532 140 156;FILTRE SORTIE AIR025/040;5;772,49;3 862
532 140 157;FILTRE SORTIE AIR025/100;10;690,58;6 906
532 140 159;FILTRE SORTIE AIR R5;1;922,49;922
532 140 160;FILTRE SORTIE AIR;0;0;0
538335040;BASKET STAINER 40 MESH;4; 1 101,97;4 408
538428001;FLOTTEUR;1; 1 091,08;1 091
552338-002;BOUTON POUSSOIR SET;1;591,09;591
552338-003;BOUTON POUSSOIR START;2;617,94;1 236
552339010;BOUTTON ZERO;0;0;0
5531C-1107;ADAPTEUR TODO 3;2; 1 326,415;2 653
5532F-1307;" COUPLEUR TODO 3""         ";4; 4 018,94;16 076
553487;RACCORD P/FLEX DN15 INOX;5;287,04;1 435
5535C-1407;BOUCHON POUR ADAPTEUR TODO 3'';3;447,0567;1 341
5536-1007;" BOUCHON ALU TODO 3""      ";4;259,795;1 039
575052002;PIGNON;2;776,91;1 554
5G15U1000RVFV;CABLE ELECTRIQUE;60;12,92;775
60940;CLAPET;11;701,23;7 714
611-302BIS;CABINE NUE/SURPRESS.HUILE;24;550;13 200
61220000PD;KIT REMP PALIER II STD;0;0;0
6126652;MANCHON PE100 S/B DE 63;3;45,67;137
61276220;COLLIER DERIVATION PE100;3;615,29;1 846
61309300;MACHINE A SOUDER FRIMAT;1; 30 771,8;30 772
61527620;Coude pe 100 90° D160;16;717,8119;11 485
61972-1;GENOUILLERE;2; 1 196,96;2 394
6206-45;ROULEMENT POR ROTOR;-2;56;-112
62095;POMPE A GRAISSE;14; 1 560,81;21 851
6210717300;GROUPE PLAQUE CLAPET;1; 1 338,61;1 339
6211475900;FILTRE B6/700 SILENT;3;287,81;863
6212864500;SEGMENT AC 110X2.5;3;22,29;67
6212864900;SEGMENT AC 60X2;2;12,63;25
6212865600;SEGMENT ROF 110X5.5;3;50,4;151
6212866100;SEGMENT ROF 60X4;4;21,92;88
6212866600;SEGMENT ROS 110X2.5;3;26,63;80
6212867000;SEGMENT ROS 60X2;2;14,74;29
6214341200;" NIVEAU D'HUILE 1""GAS     ";4;18,58;74
62210;PRISE RAPIDE;135;143,3479;19 352
6222629300;BIELLE B6000 C/A;2;166,94;334
6222727300;AXE 20X50;1;33,68;34
6222727700;PISTON 110 AXE 20;1;439,26;439
624202/04;FLEXIBLE A HUILE 4M;-32;0;0
624202/05;FLEXIBLE GASOIL HP LONG:5M;16;450;7 200
624202/06;FLEXIBLE A GRAISSE 1/4 1.8M;-8;0;0
624202/10;FLEXIBLE GRAISSE 10M 1/8;1;428;428
624970;DENSIMETRE L. 0,700-0,750;3;238,01;714
624985;DENSIMETRE L.0,850-0,900;5;238,01;1 190
6301-45;ROULEMENT POUR PALETTE;-4;34;-136
6307ZZ;ROULEMENT SKF;-2;0;0
635129;PISTOLET VERSEUR;6;291,13;1 747
635190-3;COMPTEUR TOTALISATEUR;18; 3 147,77;56 660
636028;AGRAFE;17;197,26;3 353
636111;PISTOLETS A GRAISSE;28; 1 264,04;35 393
637006;KIT;1;307,83;308
637066B;KIT PR REE AL273;1; 1 166,9;1 167
637118-C;KIT MOTEUR D'AIR;10;358,29;3 583
637119-044;" KIT A MEMBRANES D1""      ";9; 3 681,24;33 131
637119-22-C;KIT REPARATION;1; 2 126,85;2 127
637119-44-C;" KIT MEMBRANES 1""         ";7; 2 927,26;20 491
637119-EB-C;"KIT PRODUIT - ""POMPE 1'' ALU-";10; 1 238,401;12 384
637140-44;" KIT POUR POMPE 1/2""      ";10; 2 369,29;23 693
637140-EB;KIT MEMBRANES 1/2 SANTOPR;12;585,8225;7 030
637141;KIT MOTEUR;1;816,22;816
637161-EB-C;KIT;0;0;0
637225;KIT REPARATION;3;480,87;1 443
637226;KIT SERVICE;13;747,21;9 714
637227-B;KIT SERVICE;3; 1 640,35;4 921
637276;KIT;3;823,03;2 469
637302;KIT;6;772,95;4 638
637303-AA;KIT FLUIDE SANTOPRENE;3; 2 919,3;8 758
637305-R43;KIT PRODUIT;2; 1 006,28;2 013
637309-AA;KIT DE MEMBRANE;3; 2 288,94;6 867
637309-GG;KIT MEMBRANES;1; 1 254,26;1 254
637309-TT;" KIT MEMBRANE 2""          ";2; 10 776,92;21 554
637375-TT;" KIT FLUIDE PTFE 1""1/2    ";4; 3 910,85;15 643
637389;KIT SERVICE;2;684,46;1 369
637401-TT;"KIT MEMBRANE 1"" TEFLON";1;0;0
637427-TT;" KIT FLUIDE PTFE PD20 2""  ";8; 1 301,2;10 410
637428;" KIT AIR 1/2""             ";9;625,11;5 626
637432-44;" KIT FLUID PRO 2"" PTFE    ";6; 7 674,8883;46 049
637432-EB;" KIT FLUID PRO2"" SANTOPREN";8; 1 511,06;12 088
637-433-EB;" KIT FLUIDE PRO 3"" SANTOPR";2; 1 870,8;3 742
637434;"KIT AIR 3""+2"" PRO";9;540,2233;4 862
64035;SURPRESSEUR GRAISSE 25KG;2; 2 436,09;4 872
640895-406;BAGUE;2;533,88;1 068
640895-407;BAGUE;1; 1 169,39;1 169
64195;DISTRIBUTEUR A GRAISSE;20; 3 063,55;61 271
644695410;RELAY;2; 1 240,64;2 481
650889-68;" EMBOUT FIL 1/4""          ";280;14,4;4 032
651 000 040;SONDE TEMPERATURE;2; 3 305,71;6 611
653104;" KIT 3EME NIVEAU 2""ET 3""  ";2;358,8;718
653106;" KIT ERS FEP 2""/3""        ";1;368,58;369
65600;COUVERCLE;3;258,26;775
65712;HUILEUR;9;166;1 494
6591;STATOR J2T;4; 1 403,07;5 612
66441;ECROUS;6;408,65;2 452
66590;PLATEAU SUIVEUR;4;362,96;1 452
666053-0D2;POMPE A DIAPHRAGME;4; 5 786,245;23 145
666053-388;" POMPE A MEMBRANE 1/2""    ";0;0;0
66605J-344;POMPE A MEMBRANES 1/2;10; 3 729,845;37 298
66605J-3EB;" POMPE A MEMBRANE 1/2""    ";0;0;0
66605K-444;POMPE A MEMBRANE EN PVDF;1; 5 932,22;5 932
666120-322-C;"POMPE A MEMBRANE 1""";5; 4 561,226;22 806
666120-344-C;POMPE A MEMBRANE;15; 5 992,2893;89 884
6661A3-344C;" POMPE A MEMBRANE 1"" PTFE ";6; 7 341,905;44 051
6661A3-3EBC;POMPE A MEMBRANE CORPS POLYPRO 1'';2; 4 122,685;8 245
666270-144-C;" POMPE A MEMBRANE 2""      ";6; 11 806,8817;70 841
666270144CPR;" POMPE 2"" (PROMO)         ";2;6;12
666270-EEB-C;"POMPE A MEMBRANE 2""";4; 8 577,845;34 311
666270EEBCPR;"POMPE A MEMBRANE 2"" CORPS EN ALU MEMBRANES EN SANTOPRENE";-1;0;0
666320-144-C;POMPE A MEMBRANE 3'';1; 23 916,5;23 917
666320-EEB-C;" POMPE A MEMBRANE 3""      ";3; 9 674,0567;29 022
6665;JOINT TEFLON;1;812,4;812
66663;ARTICULATION TRIPLE MF1/4;86;125,61;10 802
66888;PISTOLET A GAISSE;42;276,09;11 596
66889;PISTOLET A GRAISSE+3RACC.;4;243,65;975
67053840130A;SOLENOID NC BR VI220 CE;1; 12 288,85;12 289
670538-408;KIT ELECTROVANNE NO;0;0;0
670539401;KIT ELECTROVANNE;1; 7 631,55;7 632
670539-409;KIT ELECTROVANNE;0;0;0
6758;KIT PR PISTOLET 636101;4;920,15;3 681
6790026N;AXE DE BIELLE PR 13I10;2;146,205;292
6797;SIEGE DE CLAPET;-2;0;0
699-11411001;ELECTROVANNE 3 VOIES SHPJJ 1/4 HUILE ADF220V;0;0;0
6RLB-360;POCHETTE JOINT 3-6-8-12;6;263,54;1 581
6X10-38-SG;RACCORD DROIT SS3/8 NPSF;-8;55,84;-447
6X10-38-SS;RACCORD DROIT SS 3/8 NPSF;-8;55,84;-447
6X8-38-SS;CONNECTOR 3/8NPS(F);1;268,77;269
7000-1;FLACON D'HUILE;5;6,91;35
7000-114-K2;KIT DE 2 COUPES CONSISTOMETRIQUES REF. 7000.114.K2;1;84,43;84
7010010142;" JOINT PR BRAS 4""         ";10;21,1;211
7010010149;" JOINT HEAVY BRAS 4""      ";1;24,97;25
7010010201;JOINTS;1;218,59;219
7010010217;JOINT D'AXE DE CDE;4;56,36;225
7010010223;JOINT;2;70,58;141
7010010241;" JOINT P COUDE TOURNANT 3""";4;111,41;446
7010030102;" JOIN ""I"" PERBUNAN        ";5;39,78;199
7010030153;JOINT TORIQUE GPL;1;205;205
7010030215;" JOINT HEAVY BRAS 3""      ";6;189,99;1 140
7010030268;JOINT;3;255,95;768
7012315404;RAC.SYM.FEMEL ALU 65;44;111,19;4 892
7012315406;" RACC.SYM.F.DN80 3""       ";16;125,9013;2 014
7012325401;" JCT DBL SYM ""RSD/A"" 50X65";1;342,07;342
7012325412;JCT.DBLE SYM RSD/A APM80;3;774,6;2 324
7012325419;JONCTION SYM ALU 2X11/2;9;234,85;2 114
7012335402;BOUCHON SYM DN 65;8;125,33;1 003
7012335404;BOUCHON SYM ALU 80;8;448,9725;3 592
7012500008;" FLEXIBLE INOX 1/2""M/MGAZ ";1; 2 189,04;2 189
7013142032;CIRCLIPS;9;65,31;588
7013142033;" CIRCLIPS CHEMISE 3""      ";3;29,93;90
7013152010;CIRCLIPS /AXE LEVIER FIAB;1;83,65;84
7013414303;" SEGMENT FIAB 3""          ";5;107,76;539
7013414304;" SEGMENT FIAB 4""          ";5;120,6;603
7017070037;CABLES NUS 2,5MMý;18;43,54;784
70834;JOINT EN CUIVRE;5;338,13;1 691
70837;JOINTS;9;26,26;236
71111;PISTON POUR 636103;4;139,1;556
71139;KIT PR PISTOLET;4;395,03;1 580
71524-1;RONDELLE PLATE;9;149,8256;1 348
71524-SE;ENGRENAGE ASSEMBLAGE;1; 1 362,06;1 362
7154;STATOR J2L2;3; 1 765,58;5 297
72021;JOINTS;11;20,03;220
72061;JOINTS;16;39,06;625
72364;BOUCHONS;12;43,47;522
72365;CHAPEAUX;3;399,64;1 199
72366;JOINTS;27;6,11;165
72367;TIROIR;20;65,27;1 305
72368;SPOOL;2;483,8;968
72369;VIS;6;83,47;501
72372;GLACE;14;234,88;3 288
72377;JOINTS;185;8,14;1 506
72378;CLAPET/FILTRE;7;52,37;367
72379;JOINTS;23;18,77;432
72387;ECROU/CLAPET;8;113,69;910
72392;RONDELLES;2;119,58;239
72394;AXES;2;200;400
72401;TIGE DE PISTON;5;107,26;536
72406;PISTON;6;343,02;2 058
72413;RACCORD;4;297;1 188
72685;GARNITURE;26;65,3;1 698
73284;TIGE DE CDE;5;240,48;1 202
73285;RESSORTS;27;19,01;513
73402;RESSORTS;25;25,64;641
73869;BILLES;24;12,7;305
73986;RONDELLE PLATE;6;191,99;1 152
7472;EQUILIBREUR;1;432,66;433
7480062;RONDELLE;11;1,73;19
7480063;RONDELLE;13;2,16;28
7480081;RONDELLE;13;2,16;28
7480082;RONDELLE;13;2,16;28
7480083;RONDELLE;13;2,16;28
7480084;RONDELLE;13;2,16;28
76705;RONDELLES;5;82,59;413
77042;RONDELLES;6;20,06;120
77204-1564;STATOR 100I10;0;0;0
77243;SPACER;5;88,19;441
7733716408;STATOR;1; 4 018,65;4 019
7733716410;STATOR;2; 1 206,53;2 413
77777251-6;STATOR POUR 1000J50;24; 2 327,1133;55 851
77777251-7;STATOR PR J2TSC;1; 2 130,82;2 131
77884;PISTON;2;204,49;409
77885;RONDELLES;8;58,19;466
77886;RONDELLES;3;64,6;194
77887;PISTONS;11;621,21;6 833
77890;ECROUS;3;11;33
77893;SIEGES;12;64,61;775
77894;PISTONS;6;188,8;1 133
77951;DEMI-RONDELLE;17;60,99;1 037
77953;RONDELLES;18;25,04;451
77954;JOINTS POUR CHAPEAUX;19;91,91;1 746
79104;JOINTS;8;1,58;13
7G15U1000RVFV;CABLE ELECTRIQUE;100;22,28;2 228
7K67;PILE POINGET DIGITAL 1.5V;6;25;150
8000882;EMBOUT ISOLEE 1.5MM2;100;0,08;8
800104-70021;RUBAN PERFORE METRIQUE;1;135,13;135
800560;"RX.DE MILLE REPERE ""O""";1;20;20
800561;"RX DE MILLE REPERE ""1""";1;20;20
800566;"RX.DE MILLE REPERE ""6""";1;20;20
800568;"RX.DE MILLE REPERE ""8""";1;20;20
800569;"RX.DE MILLE REPERE ""9""";1;20;20
800582;"RX DE MILLE REPERE ""2""";1;20;20
800583;"RX.DE MILLE REPERE ""3""";1;20;20
800584;"RX DE MILLE REPERE ""4""";1;20;20
800585;"RX.DE MILLE REPERE ""5""";1;20;20
800587;"RX.DE MILLE REPERE ""7""";1;20;20
800864/O;BARRE FLEXIBLE  3X20X1;2;405;810
800FP-F3PX10;BOUTON MARCHE COMPLET;2;78,28;157
8315;GRAVEUR;1; 1 546,54;1 547
8338;SOUFLETTE;1;180,38;180
8440-401;ENROULEUR A HUILE+FLEX10M;18; 2 123,9406;38 231
8440-501;ENROULEUR GRAISSE+FLEX12M;13; 2 145,4631;27 891
8499;MARTEAU BURINEUR;2; 3 763,49;7 527
8500;MARTEAU BURINEUR;4; 2 061,97;8 248
850NFP;ROULETTES;111;22,0569;2 448
8520;PERCEUSE;1;922,05;922
8615;ETALONNAGE COMPTEUR GPL;2; 62 092,4;124 185
870391646;STATOR;0;0;0
8708;FLEXICOMPT DN80-25 Nø414;1; 38 806,11;38 806
8761001;BIELLE PR 13I10;3; 2 746,42;8 239
87762-1649;STATOR PR 13I10 (36625);9; 2 477,0178;22 293
880021;COUSSINET DE BIELLE K22;8;56,81;454
880035;CLAPET;18;16,6;299
880217;SEGMENT HUILEUR B.P;13;53,39;694
880244;CLAPET LAMELLE HP K50;2;19,72;39
880305;PISTON K50;2;233,26;467
880356;CLAPET BP K22;17;14,25;242
880360;PISTON BP K22;3;245,99;738
880374;JOINT;2;25,75;52
880382;JOINT K100;8;48,22;386
880386;COUSSINET DE BIELLE;13;91,32;1 187
880388;DOUILLE K50;4;53,69;215
880391;AXE B.P;5;49,65;248
880392;AXE POUR K50/K100;11;61,71;679
880394;PISTON BP K50 D 120;4;721,39;2 886
880395;SEGMENT RACLEUR;9;30,64;276
880396;SEGMENT RACLEUR K50-K100;4;108,45;434
880397;SEGMENT HUILEUR;20;30,41;608
880398;SEGMENT HUILEUR K50-K100;5;74,2;371
880399;ANNEAU DE COMPRESSIONK100;45;23,16;1 042
880-417;COLLECTEUR K50;1;438,92;439
880419;JOINT K100;6;25,35;152
880444;JOINT NIVEAU HUILE;18;7,08;127
880452;PISTON AP;2;441,73;883
880462;VOLANT PR K22;1;648;648
880469;PISTON HP K22;2;298,94;598
880604;JOINT K100;20;35,06;701
880614;COUSSINET K100;7;131,28;919
880635;BIELLE COMPLETTE K100;5;375,86;1 879
881050;COLLECTEUR K30;1;249,52;250
88630;BAC ANTIGOUTTE;15;210,77;3 162
8973035123;GROUPE GUARNCOMPL B6000;3;216,97;651
900024;CABLE U500 SV 01.5MM2 NOIR;100;1,65;165
90075;EXCENTRIQUE;2;795,87;1 592
90085-081;CORPS DE DOSEUR;2;850,5;1 701
90103;RONDELLE PLATE;6;52,24;313
90815;AXE POMPE;3;450;1 350
91404;FLEXIBLE 1/4 4M;1;141;141
92006;SPACER;8;131,42;1 051
92757-4;BILLE;12;439,45;5 273
92757-6;BILLE;6;131,21;787
92776;SIEGE;4;698,09;2 792
92876;SPACER;12;59,06;709
92877;WASHER;1;58,58;59
92973-B;MEMBRANE;3;155,78;467
93085;SPOOL REP. 111;2;143,89;288
93097-1;BILLE;12;57,07;685
93098-1;SIEGE;12;16,7;200
93100-E;BALLES SANTOPRENE;12;120,89;1 451
93101;RACCORDS;3;235,62;707
93106;SUPPORT;1;384,85;385
93110;SILENCIEUX;6;110,33;662
93111;DIAPHRAGME 1/2;4; 1 361,55;5 446
93139;SILENCIEUX;1;382,12;382
93250;SPACER;7;134,78;943
93251;WASHER;8;52,8;422
93278-4;CLAPET;6;291,24;1 747
93309-1;PISTON;1;763,67;764
93358-4;CLAPET;8;750,81;6 006
93363-1;JOINT;4;97,84;391
93364-1;JOINT;2;105,09;210
93729G;VOLANT;1;130,62;131
93921;ROD SEAL;1;236,17;236
94020180101;"SOUPAPE DE RESPIRATION 10"" CORPS EN ALU INTERNE ET CHAPEAU EN ALU";0;0;0
94085;"SILENCIEUX POUR POMPE 2""";-1;0;0
94090-T;" MEMBRANE PTFE PR PD30 3"" ";4; 3 611,73;14 447
94091-A;KIT PR POMPE;4; 1 034,82;4 139
94102;COUPELLE;2;95,55;191
94103T;CLAPET;4; 1 741,91;6 968
94104A;SIEGE;4;174,34;697
94104-G;SIEGE CLAPET;6;167,34;1 004
94110-A;MEMBRANE SANTOPRENE;6; 1 214,95;7 290
94117;FILTRE SILENCIEUX;2;630,63;1 261
94234;RONDELLE PLATE;6;82,93;498
94310;SPOOL;17;699,75;11 896
94328-A;SIEGE;10;175,79;1 758
94329-A;MEMRANE;1;483,96;484
94329-G;MEMBRANE GEOLAST;2;429,84;860
94330-A;" MEMBRANE SANTOPRENE 2""   ";7;628,77;4 401
94355TT;" MEMBRANE PTFE PD20 2""    ";10; 3 145,69;31 457
94385;AXE/SURPRESSEUR A GRAISSE;1;150;150
94397;RETAINER RING;0;0;0
94400;ECROU/CLAPET;9;50;450
94402;FILTRE;0;0;0
94403;PISTON;12;354,19;4 250
94446;AXE SURPRESSEUR GRAISSE;2;882,01;1 764
94518;RONDELLE;30;159,01;4 770
94617;MEMBRANE TEFLON;6; 1 938,22;11 629
94785;WASHER;2;20,73;41
94786;PIN;0;0;0
9544C;JOINT EPAISSEUR 1.5 DIAM.1.5MX1.5M;1;420;420
95673;" SIEGE ALU POMPE 2""       ";2;470,78;942
96164;CONTRE MEMBRANE;4;338,22;1 353
96165-T;MEMBRANES;4; 2 105,57;8 422
9625161;GAINE;1;535,68;536
9625179;GAINE PR 13I10;7;472,3571;3 307
96391A;" MEMBRANE SANTOPRENE 2""PRO";3;598,18;1 795
96392-T;" MEMBRANE PTFE 2""         ";3; 1 644,7567;4 934
96393-A;MEMBRANE;6;417,1417;2 503
96420;SPACER;2;166,51;333
96421;SPOOL;1; 1 054,18;1 054
96475-A;MEMBRANE;8;882,3;7 058
96476T;MEMBRANES;2; 4 606,36;9 213
98723-2;SLEEVES;4;233,66;935
993-502;FLEXIBLE A GRAISSE;1;210,77;211
A11B16PH;DOME MANOL ROND PHOSPHATE;0;- 70 300;-70 300
A42;VIS D'AXE;1;4,69;5
A42K45;KIT 5 VIS AXE GACHETTE;6;23,47;141
A70;COURROIE;2;45;90
ABH1QQL6D3;" FLEXIBLE 6M 3"" ALU       ";82; 1 283,375;105 237
ABH2CC1;" FLEXIBLE 3M3"" MAL.BSP ALU";30;994,6117;29 838
ABH2QQ15;" FLEXIBLE 5M3""+2RAC.SYM.AL";37; 1 139,1441;42 148
ABHQQ15L3D3;" FLEXIBLE ALU 3M 3""RAC.SYM";2;839,5;1 679
ABJ1GG1;" FLEXIBLE 6""              ";1; 7 141,05;7 141
ACC42-55;ACCOUPLEMENT TRASCO 42-55;1;660;660
ACCPOMPE;ACCOUPLEMNT POUR POMPE;-1;0;0
ACO_21001L;ELEMENT POUR AVGAS;2; 1 217,065;2 434
ACO-40901;ELEMENT VELCON ;0;0;0
ADF-B5;MOTEUR ELECTRIQUE ADF;1; 8 000;8 000
ADV-310-10K;AIGUILLE INOX 10;14;137,96;1 931
ADV-310-14K;AIGUILLE INOX 14;9;125,4;1 129
ADV-310-16K;AIGUILLES INOX 16;2;118,22;236
ADV-401-K;ENSEMBLE VALVE D'AIR;16;296,6138;4 746
ADV-6-K;KIT BOUTON REGLAGE AIGUILLE;15;78,3527;1 175
ADV-7-K;RACCORD PRODUIT;10;91,54;915
ADV-G430-13;PISTOLET GRAVITE;1; 1 771,1;1 771
ADV-G513-13;PISTOLET DE GRAVITE;3; 2 087,8533;6 264
ADV-P430-14;PISTOLET ADVANCE 1.4;6; 4 153,8183;24 923
ADV-P513-10;PISTOLET PRESSSION ADVANCE;-5;945,208;-4 726
ADV-P513-14;PISTOLET ADVANCE PRESSION 14;8; 1 869,1425;14 953
ADV-S430-16;PISTOLET DE PEINTURE 1.6;30; 2 002,2703;60 068
ADV-S443-16;PISTOLET ADVANCE A GODET 1.6;37; 1 829,6841;67 698
AEHA3105ABAFU1B0;POMPE A CANAL LATERAL;2; 36 468,015;72 936
AGG19K5;KIT DE 5 ETOUPES;5;84,96;425
AGG39;JOINT;2;10,78;22
AGG403;VALVE;12;177,09;2 125
AGG88K5;JOINT DE BAGUE;13;193,41;2 514
AGGA405;ETOUPE;2;46,16;92
AGGS29;ECROU DE MAINTIEN;1;52,69;53
AGGS420DE;AIGUILLE INOX;2;173,62;347
AGGS420FF;AIGUILLE;6;162,54;975
AGIPRO-250;AGITATEUR AV MOTEUR ELECTRIQUE  0.37KW-280TR/MN INOX 316L;2; 10 521,075;21 042
AGMD-119;JOINT COBRA 2;1;2,69;3
AGMD-119-K5;KIT DE 5 JOINTS COBRA2;3;13,46;40
AGMD-119-K50;KIT DE 50 JOINTS;1;121,49;121
AGMD-93;JOINT TORIQUE;4;81,69;327
AGMD-93-K5;KIT DE 5 JOINTS;6;368,59;2 212
AGP-406;KIT ETOUPE EMAILLERE;1;125,21;125
AGT-402-DEEE;AIGUILLE INOX TRAITE;1;310,92;311
AGT-403;BAGUE DEFLECTRICE;8;525,8725;4 207
AGX2-2-K;KIT VIS ECROU;5;207,44;1 037
AGX-402-FF;AIGUILLE;9;169,37;1 524
AGX_7K2;KIT 2 ETOUPES;7;172,23;1 206
AGX9K;KIT PISTON ET JOINT;2;433;866
AIB136;JUPE EN ALU DN80;9;79,05;711
AIB153;JOINT CX DN80;29;55,34;1 605
AKHA5101ABAF;POMPE A CANAL LATERAL AV MOTEUR ADF 4KW 1500TR 400/690V;0;0;0
AMP/F.60/3;MOTOREDUCTEURS COAXIAUX;2; 13 500;27 000
ANALYSAPI+BJ;ANALYSEUR API+BJ AV RACCORD;1; 14 513,23;14 513
ARMOIRE;ARMOIRE DEMARRAGE GROUPE;0;0;0
ART41260;ROUE GONFLABLE DIAM.260;2;75;150
ART-HUILE;ARRET D'HUILE;0;0;0
ART-URGENCE;ARRET D'URGENCE;-1;0;0
ASPI.77L;ASPIRATEUR EAU POUSSIERE;0;0;0
ATT103X200AF;ROULETTES ATT103X200 AVEC FREIN;2;169,11;338
ATT80/AX200AF;ROULETTES ATT 80/A DIAM.200 FIXE;2;82,91;166
AV11492;MONTAGE CLAPET DE FOND;2; 4 893,37;9 787
AV115ACK;BUSE NITRURE 2.8;1;294,25;294
AV-1239704;CALOTTE DE CHAPEAU AIR;4;342,76;1 371
AV-1239765;CALOTTE DE CHAPEAU;5;387,81;1 939
AV-1239797;CALOTTE DE CHAPEAU AIR;3;403,31;1 210
AV-1239799;CHAPEAU D'AIR;3;321,8;965
AV1415ACK;BUSE CARBURE;5; 1 945,924;9 730
AV1415DK;BUSE 2.2 CARBURE;15; 1 726,5087;25 898
AV1415EEK;BUSE CARBURE;1;797,09;797
AV1920FFK;BUSE BP INOX 1.4;4;225,09;900
AV1K5;KIT JOINT DE BUSE;0;0;0
AV2115EXK;BUSE INOX 1.8 ALITE L;1;224,73;225
AV40-24;CHAPEAU D'AIR;2;437,735;875
AV-4239-30;CHAPEAU D'AIR AVEC BAGUE;5;439,03;2 195
AV-645-AC;BUSE INOX 2.8;51;292,4643;14 916
AV-645-D;BUSE INOX 2.2 (AV1915);0;-0,01;0
AV-645-EX;BUSE INOX 1.8;17;273,57;4 651
AV-645-FF;BUSE 1.4 INOX;15;448,4273;6 726
AV-645-FX;BUSE 1.1 INOX;5;463,882;2 319
AXE_RESS;AXE RESSORT A LAME;4;21,76;87
AXEROUE;AXE DE ROUE  PR CHARIOT;4;100;400
B090;COURROIE;1;107;107
B11B16PH;DOME MANOL OVAL BOULONNE;5; 3 224,37;16 122
B125;POULIE IPL;1;180;180
B12X20;FLEXIBLE DE LAVAGE 20M;-1;720;-720
B12X210;FLEXIBLE DE LAVAGE LG:10M;-20;412,5;-8 250
B180X140X76;BOITE ETANCHE 180X140X76;1;19,5;20
B30X30X3;BARRE CORNIERE 30X30X3;27;7,2;194
B355;POULIE;1;620;620
B40X40X4;BARRE CORNIERE 40X40X4;60;7,2;432
B50X50XEP3MM;BARRE EN CORNIER 50X50 EPAISSEUR 3MM;16;7,2;115
B5168;" BOUCHON BRONZE 3""        ";3;281,21;844
B5-2/3ADF;MOTEUR ELECTRIQUE 1.5KW;2; 2 500;5 000
B58;COURROIE;0;55;55
B59;COURROIE;0;116;116
B61;COURROIE B61 ;0;0;0
B62;COURROIE;-1;0;0
B64;COURROIE;0;120;120
B70;COURROIE;3;70;210
BAA105;" RACC.CAMLOCK ALU A200 2"" ";19;143;2 717
BAA106;RACC.CAMLOCK ALU A250;2;175;350
BAA107;" RACC.CAMLOCK ALU A300 3"" ";11;51,82;570
BAA110;"RACCORD CAMLOCK ALU A600 6""";47;182,0004;8 554
BAC105;"RACCORD CAMLOCK ALU C200 2""";13;52,5208;683
BAC110;"RACCORD CAMLOCK ALU C600 6""";32;359,0475;11 490
BAD107;" RACC.CAMLOCK ALU D300 3"" ";3;167,23;502
BAD110;"RACCORD CAMLOCK ALU D600 6""";47;372,7047;17 517
BAE105;"RACCORD CAMLOCK ALU E200 2""";13;27,3231;355
BAE110;"RACCORD CAMLOCK ALU E600 6""";32;319,1838;10 214
BARRAGEMOUSSE4;"BARRAGE A MOUSSE POUR PROTECTION INCENDIE 4""";0;0;0
BARRECDE;BARRE DE CDE A DISTANCE;-3;0;0
BARR.MOUSSE;BARRAGE A MOUSSE;-1; 11 313,7;-11 314
BN305306-01;RELIEF VALVE;2;188,74;377
BOUCH.1/8;BOUCHON 1/8;2;5;10
BOUCH.D1;"BOUCHON F 1""";10;25,6;256
BRID4PN16;"BRIDE DIAM.4"" PN16 8 TROUS";15;191,832;2 877
BRIDEDN100SO;Brides DN100 Slip-On;2;175;350
BRIDEDN4X2;"BRIDE 4"" REDUIT 2""";4;320;1 280
BRIDE_RESS;BRIDE RESSORT A LAME;4;40;160
BRIDES4;"BRIDES 4""  POUR COUPLEUR";4;411,1975;1 645
BRIDN100_PL;BRIDE PLATE DN100 PN10;4;77;308
BRIDN50AS;"BRIDE 2"" A SOUDER";4;180;720
BRIDN65_PL;BRIDE PLATE DN 65 PN 16;1;93,33;93
BRIDN80;"BRIDE DN3""";-1;107,5;-108
BRIDQ1;"BRIDE Q 1"" PR POMPE A MEMBRANE";2;70;140
BT605751-05;POMPE GEROTOR;1; 3 981,82;3 982
BT606625-02;PORTE;2; 1 791,93;3 584
BUFOU;CARTOUCHE FILTRANTE;2; 6 944,23;13 888
C09056D186;GARNITURE MECANIQUE;0;0;0
C-10;CRIC DE BORD 10T;7;556,26;3 894
C15;CRIC DE BORD 15T;10;831,35;8 314
C15-360;POCHETTE DE JOINT 15T;12;145,33;1 744
C20-360;POCHETTE DE JOINT 20T;1;150,36;150
C25-08;CYLINDRE PISTON H.P COMPL;4;180,65;723
C-25-360;POCHETTE DE JOINT 25T;12;87,11;1 045
C3;CRIC DE BORD 3T;1;353,67;354
C-35-360;POCHETTE DE JOINT 35T;5;111,39;557
C5;CRIC DE BORD 5T;2;384,65;769
C-5-360;POCHETTE DE JOINT;8;30,52;244
C8;CRIC DE BORD 8T;4;460,05;1 840
C-8-360;POCHETTE DE JOINT 8T;8;58,3;466
CAB-DSP06F050;CABLE FO DSP 06 BRINS ARME METALIQUE ANTI RONGEUR; 1 100;11,5;12 650
CABLE3X2.5;CABLE DE 20M 3X2.5;-1;18;-18
CABLE4X2.5;CABLE SOUPLE 4X2.5MM2;100;9,4;940
CAPSDN150;CAPS SCH40 A234 WPB DN 6 X 4;2;105;210
CAR.FIL10MC;CARTOUCHE FILTRE 10 MICRONS;0;0;0
CAS-CASSETTE;CASSETTE MDS 12 PORTS EQUIPE DE 12 COUPLEURS LC DUPLEX;8;75;600
CB25;FLEXIBLE PR HUILE CB25;7;150;1 050
CB25L2;FLEXIBLE CB25 L2M EQUIPE;0;0;0
CB25L25;FLEXIBLE CB25 L25M EQUIPE;0;0;0
CB25L3;FLEXIBLE CB25 L3M EQUIPE;0;0;0
CB25L30;FLEXIBLE CB25 L30M EQUIPE;0;0;0
CBA1_497_14;PISTOLET COBRA 1;8; 2 968,3788;23 747
CBA2-497-14;PISTOLET COBRA 2;7; 3 636,1257;25 453
CBSD050160CC;ELECTROPOMPE CENTRIFUGE 60M3/H PR GASOIL AV MOTEUR ELECTRIQUE;0;0;0
CC20;POMPE VOLUMETRIQUE A PISTON EXCENTRE REF. CC20;0;0;0
CE08;CABLE SPIRALE EQUIPE LONG:8M;0;0;0
CEF-1515-US;COAX ELBOW FITTING;4;482,76;1 931
CEF-2020-US;" COZX ELBOW FITTING 2""    ";2;576,24;1 152
CEHA6103/5AA;POMPE A CANAL LATERAL GPL AV MOTEUR ELECTRIQUE 15KW 1500TR 230/400V;0;0;0
CG07;REPARATION CONSOLE CG07;1; 4 379,71;4 380
CHAMBRE-316L;CHAMBRE A MOUSSE 316L;0;0;0
CHARIOTFLEX;CHARIOT A DEUX ROUES POUR POMPE DVP;-1;0;0
CHARIOTFLEX3R;CHARIOT MOBILE A 3 ROUES;-2;0;0
CHARIOTRAVIT;CHARIOT MOBILE A 4 ROUE PR RAVITAILLEMENT;0;0;0
CHARIOTSOUT;CHARIOT 4 ROUES POUR SOUTAGE;-2;0;0
CHASPCM;Chassis pour 1000J50;10;0;0
CHATXH3;CHASSIS PR POMPE TXH3 ;-1;0;0
CI040060;COLLIER IBIS INOX 40-60;40;8,625;345
CI140160;COLLIER IBIS INOX 140-160;60;20;1 200
CK-18;PASTILLE;36;2,46;89
COFFRET-ELEC;COFFRET ELECTRIQUE;-1;- 1 438,26;1 438
COFFRET_METAL;COFFRET METALIQUE;0;0;0
COLS3/3;COLLIER D3/3 AV EMBOUT;-16;0;0
COMM.2POST;COMMUTATEUR 2 POSITIONS;2;100;200
COM-P430-14;PISTOLET DE PEINTURE;1; 1 627,19;1 627
COM-P443-14;PISTOLET DE PEINTURE 1.4;1; 1 555,78;1 556
COMP.4R;COMPTEUR 4 CHIFFRES 4R;1; 1 458,33;1 458
COM-P522-10;PISTOLET COMPACT 10;1; 1 658,69;1 659
COM-S510B-16;PISTOLET TRANSTECH;1; 2 281,9;2 282
CONE80X65;CONE A SOUDER DE DN80 A DN65;1;70,41;70
CONEJAUGE;CONE DE JAUGEAGE;-2; 1 396,205;-2 792
CONEJAUGE8;CONE DE JAUGEAGE SUPPL;0;0;0
CONESPECIAL8;"CONE SPECIAL AV OUVERTURE CYLINDRIQUE EN 8"" ";-1; 10 946,76;-10 947
CONTA.800650;BORNES DE 2.5 4MM2;30;3,2;96
CONTA.800656;CLOISON TERMINALE 2.5;2;1,8;4
CONTA.800659;BUTEE DE BLOCAGE ES35;2;2;4
COR30X30X3;CORNIERE 30X30X3;36;7,2;259
COR40X40X4;CORNIERE 40X40X4;60;7,2;432
COUDE20S;COUDE EGALE 20S;10;93,76;938
COUDEMF3G;COUDE MF 3'' GALVANISE;5;152,366;762
COUDESSDN100;COUDE ACIER SS DN100;4;52;208
COU-SCMM;ADAPTATEURS FC MONOMODE METAL.AV ECROU;48;14;672
COUVEJAUGE;COUVRE JAUGE;0;0;0
COVERFLT1D14M;ECRAN FLOTTANT DIAM.14M PR RESERVOIR;-1; 223 375,84;-223 376
COVERFLTD24;ECRAN FLOTTANT POUR RESERVOIR DIAM 24M STANDARD DEFINI EN 1.1;0;0;0
CPA-1520-US;" COAX PIPE ADAPTER 1.5""NPT";2;304,43;609
CPA-2020-US;" COAX PIPE ADAPTER 2"" NPT ";0;0;0
CPC-1502-US;COAX PIPE COUPLING DW;4; 1 031,91;4 128
CPC-2002-US;" COAX PIPE COUPLING DW 2"" ";4; 1 217,72;4 871
CPX125-80315;GROUPE MOTOPOMPE DIESEL;0;0;0
CPX12580IPSS;GROUPE ELECTROPOMPE;0;0;0
CREP1;" CREPINE BRONZE 1""        ";1;66,25;66
CS-029;VALVE HP COMPLETTE;10;62,32;623
CSK2020;RACCORD;-2;0;0
CV3API3S;" CPL.VAPEUR 3""X3"" SYM     ";1; 1 033,09;1 033
CZ27;CORPS DE POMPE NUE;0;0;0
DBS-3648;PUISRAD DE RESERVOIR 36;1; 3 566,03;3 566
DCMT3TCE081L;DISPOSITIF DE CONTROLE DCMT3 AV CABLE SPIRALE 8M+PINCE;0;0,01;0
DEP-TECH/J;DEPLACEMENT TECHNICIEN PAR JOUR;4;600;2 400
DGD505;SOUFLETTE;1;137,78;138
DIJ070540079;BAGUE 40-56-32 MAP;2; 1 199,735;2 399
DIJ075740019;BAGUE 40-58-8;2;593,6;1 187
DOCIL400D2TH;" SONDE DOCIL 2"" LG3000MM  ";0;0;0
DS152;FLECTOR D'ACCOUPLEMENT;2; 2 269,8;4 540
DVFR-2;REGULATEUR AIR SUBMICRONQ;1; 4 156,21;4 156
DVP41W;TUYAUTERIE ASPIRATION;2; 1 848,46;3 697
DVP510;POMPE A MEMBRANE;4; 9 827,7875;39 311
DVP52AN;BY PASS;2; 1 876,285;3 753
E02643GNNMN;ESCALIER A ABATTANT 3 MARCHES GALVANISE;0; 76 031,02;76 031
E0656-907;CLAPET TARE 4'' TTMA;0;0;0
E34;RESSORT;3;8,12;24
E6481600;FLOTTEUR PR DEGAZEUR;3;893,41;2 680
EC.INOX;ECROU INOX;-100;0;0
EEXDIIBT4;MOTEUR ADF 5.5 KW 1500TR 400/690V 50HZ;1; 7 060,99;7 061
EFBD1212;FLEXIBLE 1000MM;1;360;360
EFBD1616;FLEXIBLE;1;450;450
EMBOUT13-8L;EMBOUT LISSE 13-8L;8;35;280
EMBOUT20-F1/2;EMBOUT LISSE 20-F1/2;8;60;480
ENR25M;ENROULEUR DE FLEXIBLE 25M;0;0;0
EP-IP-360;POCHETTE DE JOINT 4T;1;45,6;46
ETALSONDE;ETALONAGE COFRAC DES SONDES DE TEMPERATURE PT100;1; 4 792,41;4 792
ETIQD22;ETIQUETTE DIAM 22;12;10;120
ETIQD50X25MM;ETIQUETTE 50MM X 25MM;5;9;45
F0044021;SOUPAPE SECURITE DOME;49;567,1559;27 791
F1014KL2B;" KIT REP FFKL2""/NITRILE   ";3; 1 807,29;5 422
F1014KL3B;" KIT REP FFKL3""/NITRILE   ";1; 1 780,78;1 781
F-19-38;COUPELLES;4;258,88;1 036
F-21-65;JOINTS;22;30,6282;674
F-22-30;JOINTS TUBE AIR;15;0,4;6
F-22-35;JOINTS;24;4,1;98
F-26-25;ETOUPES;23;11,49;264
F-26-35;ETOUPE;23;6,19;142
F-26-52;JOINTS;12;30,2;362
F2P+T16A220V;FICHE 2P+T 16A 220V;1;25;25
F3P+T16A380V;FICHE 3P+T 16A 380V;3;30;90
F3P+T+N32A380V;FICHE 3P+T+N 32A 380V;1;30;30
F-51-65;RESSORTS;11;3,5;39
F-51-83;RESSORTS;8;20,25;162
FA063;FLECTOR CAOUTCHOUC;1;260,91;261
FAB.FUT;FABRICATION LIVRAISON ET POSE FUTS DE BRAS SOURCE; 4 500;4;18 000
FCE3201465;"JOINT TORIQUE BUNA PR RACCORD WECO 2""";2;207,285;415
FCE3205604;"JOINT TORIQUE BUNA PR RACCORD WECO 3""";2;217,855;436
FEB-6150M;" FLEXIBLE 1.5""            ";30;165,22;4 957
FEB-615M;" PRESSE ETOUPE 1.5""       ";2;138,8;278
FEB-6200M;" PRESSE ETOUPE 2""         ";10;137,59;1 376
FEPM-8X6;FLEXIBLE 10 METRES;1; 1 257,75;1 258
FF1CAMLOK;COUPLEUR CAMLOK FF1;1;220;220
FH4210E4E4;"FLEXIBLE HYDROCARBURE 4"" L2060MM";0;0;0
FILD4BRZ;"FILTRE A TAMIS EN BRONZE DIAM.4""";-3;0;0
FIL.REGL1/2;FILTRE REGULATEUR 1/2;-5;400;-2 000
FILT-EAU1;"FILTRE A EAU 1""";0;0;0
FILTRE1HP;"FILTRE 1"" HP POUR FUEL";0;0;0
FILTYD1;"FILTRE EN Y LAITON DIAM.1""";-1;0;0
FKVISMONT2;JEU DE VIS;3; 1 888,02;5 664
FLECT.ACCPL;FLECTOR ACCOUPLEMENT;-1;0;0
FLEX1/2L25M;FLEXIBLE DE LAVAGE 1/2 HP LG 25M COTE MALE 1/2 COTE MALE 3/8;1;997;997
FLEX1/2L4M;FLEXIBLE A HUILE HP 1/2 LG 4M + ADAPTEUR;25;240;6 000
FLEX3/4;FLEXIBLE 3/4 LG 750 + AD;5;173,84;869
FLEX3/4L1M;FLEXIBLE 3/4 L1M;11;125;1 375
FLEX3/4L4;FLEXIBLE CB 3/4 L4M EQUIPE;0;0;0
FLEX3/4L600;FLEXIBLE HP 3/4 LG 600 +AD M.F;13;133,3077;1 733
FLEX3/4MFL800MM;FLEXIBLE 3/4  MALE/FEM.L800MMMM+ADAPTEUR;1;180,94;181
FLEX3/8L25M;FLEXIBLE DE LAVAGE L25M 3/8 M/F;-1;997;-997
FLEXAIR10M;FLEXIBLE AIR L10M;-1;0;0
FLEX.AIR12M;FLEXIBLE D'AIR 12M;-2;0;0
FLEX.AIR3M;FLEXIBLE AIR LONG:3M;-2;0;0
FLEXAIR_L10M;FLEXIBLE AIR LONG 10M + AD;1;202;202
FLEXD17L47M;FLEXIBLE D17+EMBOUT MALE L47.20M;-1;0;0
FLEX.H-L10M;FLEXIBLE HUILE LONG 10M;0;0;0
FLEXHP1/2L1M;FLEXIBLE HP 1/2 LG 10000;26;407,5;10 595
FLEXHP1/2L20M;FLEXIBLE DE LAVAGE1/2 LG20M;1;0;0
FLEXHP1/2L2M;FLEXIBLE HP 1/2 LG 2000 M.F;10;223,667;2 237
FLEXHP3/8L2M;FLEXIBLE HP 3/8 LG2000MM;2;124,5;249
FLEXHP3/8L3M;FLEXIBLE HP 3/8 LG 3000MM;1;162;162
FLEXHPDN40L3M;FLEXIBLE HP R2 1'' 1/2 LONG 3M MF + JONCT EN ALU 2'';1; 1 302;1 302
FLEXL2.5D3/4;FLEXIBLE ANTI ACIDE 2.5M;1;694;694
FLEXL350D1/2;FLEXIBLE HP DIAM 1/2 +AD M.F;13;76,6231;996
FLEXL6D1;FLEXIBLE HP LG 600 DIAM 1'' + AD M.F;13;254,0308;3 302
FLEXL6D1/2;"FLEXIBLE LONG.6M DIAM1/2""";-3;0;0
FLEXMWL8M;FLEXIBLE GASOIL MW L8M S.M ACIER;1;340;340
FLEXQ8L12M;FLEXIBLE A AIR Q 8 LG 1200MM;2;250;500
FLG-S5-18;PISTOLET;1;952,12;952
F-P40X4;FER PLAT 40 X 4;80;7,2;576
FPLAT16X4-6ML;FER PLAT 16X4 DE 6ML;1;21,6;22
FPLAT40X4;FER PLAT 40X4;16;7,2;115
FPLAT60X5-6ML;FER PLAT 60X5 DE 6ML;3;108;324
FR200-02G;FILTRE REGULATEUR 1/4;6;159,2;955
FR300-02G;" FILTRE REGULATEUR 1/4""   ";0;0;0
FR-L400-04G;" FILTRE REGULATEUR 1/2""   ";0;0;0
FT850/500K;ELECTRO-COMPRESSEUR 500L;21; 9 326,7614;195 862
FT850/500KM10;ELECTRO-COMPRESSEUR 500L 10CV;0;0;0
G012319;RACCORD RAPIDE;2;376,5;753
G1000049;BUSE JET PLAT;28;161,5921;4 525
G1000055;ELECTRODE POUR BUSE;30;221,351;6 641
G103128;TUYAU POUDRE;6; 1 995,59;11 974
G14427MO;RESSORT;3;13,9;42
G14427NN;RESSORT;2;13,9;28
G14427PT;RESSORT;2;21,19;42
G3002515/1;S/E AXE PIGNION ET ROUE;3;242,43;727
G3002515/2;S/E AXE PIGNION ET ROUE;3;242,43;727
G3002516/1;ROULEAU;3;215,05;645
G3002516/2;ROULEAU;3;215,05;645
G313935042;PIGNION;2;44,37;89
G313948010;GUIDE BALADEUR (CENTAINE);1;369,2;369
G313957010;GUIDE BALADEUR;1;369,2;369
G313959010;GUIDE BALADEUR 10 UNITES;1;369,2;369
G313968010;PIGNION CONIQUE;1;166,23;166
G315457001;ROULEAU F.ARRIERE;3;217,95;654
G315457002;ROULEAU;3;193,33;580
G315457004;ROULEAU;3;193,33;580
G331341;DEFLECTEUR;1;51,67;52
G340057;CONSOLE DE CONTROLE;1; 23 210,53;23 211
G354201;RACCORD EN TEFLON;51;67,7;3 453
G358215;BUSE JET DROIT;1;399,65;400
G377724;DOUILLE D'INJECT. TEFLON;238;51,1245;12 168
G382922;BUSE JET ROND NS02 COMPLT;0;0;0
G387827;RACCORD TUYAU OPTIFLOW;2;202,25;405
G770623;AXE DE CULBUTEUR;1;180,17;180
G770703;AXE DE ROULEAU FACE AVANT;1;244,74;245
G770704;AXE ROULEAU FACE ARIERE;1;244,74;245
G774811;DISQUE;25;34,12;853
G806571;CLIQUET;1;50,46;50
GAR.MEC;GARNITURE MECANIQUE;-1;0;0
GB10702;ROULEMENT POMPE;5;295,83;1 479
GCM-316L;CHAMBRE A MOUSSE GCM 316L;0;0;0
GCT-3811;FLEXIBLE CONNEXION TEST;14;75,78;1 061
GFC501;GODET GRAVITE PLASTIQUE;8;212,6675;1 701
GFE-2200-RUS;"FLEXIBLE DOUBLE PAROI 2""";-5;0;0
GL-1-K10;KIT DE FLACON D'HUILE;4;68,6;274
GNZ73.49/28;GARNITURE MECANIQUE;2; 2 977,4;5 955
GRMPD400;POMPE DIESEL PRINCIPALE DEBIT 400M3/H A 12 BARS;0;0;0
GS58RC;ROUE OVALE;1; 6 314;6 314
GTI-108;GACHETTE;9;86,09;775
GTI-213-10-K;BUSE 1.0MM;2;201,41;403
GTI-213-11-K;BUSE 1.1MM;2;201,41;403
GTI213-1.2C;BUSE 1.2MM;4;232,49;930
GTI213-1.3;BUSE 1.3MM INOX H;3;172,45;517
GTI213-1.4;BUSE INOX 1.4MM INOX H;3;163,12;489
GTI-213-14K;BUSE 1.4MM;2;211,42;423
GTI213-1.5;BUSE 1.5MM INOX H;0;0;0
GTI-214-16;BUSE 1.6;2;178,51;357
GTI214-1.8;BUSE 1.8;2;163,12;326
GTI-407-110;CHAPEAU D'AIR;1;390,02;390
GTI-407-122;CHAPEAU D'AIR;2;385,19;770
GTI-408-K5;KIT DE 5 AXES DE GACHETTE;9;147,08;1 324
GTI410F;ENS VALVE AIR PLASTIQUE;1;124,32;124
GTI-413-K;AIGUILLE;2;126,62;253
GTI-414-K;VIS DE REGLAGE;12;96,0792;1 153
GTI-420-K;AIGUILLE;2;140,37;281
GTI425K;BAGUE DEFLECTRICE;8;195,935;1 567
GTI-439-K2;KIT DE 2 ETOUPES+PRESSE E;1;111,33;111
GTI-445-K2;KIT;17;236,84;4 026
GTIPRO-T1B14;PISTOLET GRAVITE;10; 2 006,758;20 068
GTIPRO-T2C13;PISTOLET GRAVITE PRO 1.3;8; 2 121,985;16 976
GTP1983;Boîte recharge membranes colorimétriques GAMMON (100 pièces);5; 1 391,422;6 957
GTP8392;Poignée HM PGHM2 DIV-GAMMON;3; 2 382,05;7 146
GTT-3836;" FLEXIBLE TEST 36""        ";13;158,5;2 061
H07RN-F2X4MM2;CABLE DE MISE A LA TERRE 2X4MM2;77;14;1 078
H4187;QUEUE RACC.MF 1/4NPS 9/16;20;57,07;1 141
H-7501;TUYAU AIR;16;39,23;628
H-7503;TUYAU PRODUIT;-10;37,369;-374
H-7503-150M;TUYAU 1/4'' 150M;1; 5 059,38;5 059
H-7504;TUYAU PRODUIT;10;54,89;549
HC4507;RACCORDS;5;107,49;537
HC-4523;RACCORD DROIT;2;133,15;266
HCR-4531;RACCORD MALE 1/4;5;169,94;850
HEB10012ML;BARRE HEB 100 EN 12ML;2; 1 820,4;3 641
HEB1006ML;BARRE HEB 100 EN 6ML;1;910,2;910
HEB2006ML;Barre HEB 200 de 6ML;370;7,4;2 738
HGB_509;REGULATEUR DE DEBIT;1;94,41;94
HGB_510;REGULATEUR DE DEBIT;1;94,41;94
I010025105;ROULEMENT A BILLES;1;327,56;328
I037363290;COUSSINET;1;565,61;566
I045201315;JOINT PLAT;2;95,22;190
I045903740;BAGUE D'ETANCHEITE;1;175,21;175
I434241110;ROUE A AILETTES;1; 3 167,06;3 167
I436241110;ROUE;1; 3 083,93;3 084
I_638C5TB;ELEMENT COALESCEUR VELCON;5; 3 809,512;19 048
I921702210;CHEMISE D'ARBRE;2; 1 605,64;3 211
I921702220;CHEMISE D'ARBRE;1; 1 232,16;1 232
IDN-08-01-S;INDICATEUR DE NIVEAU;0;0;0
IDN-12-01-S;INDICATEUR DE NIVEAU 12M A REGLETTE HAUTEUR:12M;0;0;0
IDN15-01-S;INDICATEUR DE NIVEAU A REGLETTE HAUTEUR:14.40MM;0;0;0
IGI050;FLEXIBLE HYDRO 2'' LONG 40M;6; 6 427,3033;38 564
IGIO40DN38;" FLEXIBLE 40M D1""1/2      ";5; 5 358,93;26 795
IGK75L8D3;"FLEXIBLE DEPOTAGE L8M D3""";7;549,2471;3 845
IIS15004;JOINT SPIRAL 4'' SERIE 150 DOUBLE ANNEAUX;4;115;460
INST-ELECT.;TRAVAUX D'INSTALATION ELECTRIQUES,INSTRUMENTTAION DES NOUVEAUX ILOTS;2; 137 725,515;275 451
INTERP200B;NETTOYEUR H.PRESSION 200B 15L/MN 7.5CV ;0;0;0
IPE16012ML;BARRE IPE 160 EN 12ML;2; 1 368;2 736
J0452-051;COUPLEUR API JTS VITON;0;0;0
JACT420;BUSE ORFVAR 0.18-0.48;1; 1 775,24;1 775
JARR2XSC3M50/125; JARRTIERRE 2XSC/SC 3MTS 50/125;8;122;976
JAUGEQ12;JAUGE Q 12;2;100;200
JGA-1225;BAGUE DEFLECTRICE;1;112,03;112
JGA-132;BOUCHON LOGEMENT;2;20,52;41
JGA17;DOUILLE DE GUIDAGE;12;58,12;697
JGA_22;RACCORD;3;25,1;75
JGA-35;AXE DE GACHETTE;4;20;80
JGA-402-FZ;AIGUILLE;24;172,49;4 140
JGA402NAC;AIGUILLE NITRURE 2.8;3;126,46;379
JGA-409-AC;AIGUILLE CARBURE 2.8;6;950,275;5 702
JGA-409-D;AIGUILLE 2.2 CARBURE;14;877,2993;12 282
JGA-421-CK;AIGUILLE INOX 2.8;31;157,7971;4 892
JGA421DEX-K;AIGUILLE 1.8;8;155,9125;1 247
JGA-421-FFK;AIGUILLE INOX 1.4;3;143,71;431
JGA421FV;AIGUILLE;1;100,51;101
JGA421FX;AIGUILLE;4;83,03;332
JGA421G;AIGUILLE INOX;31;101,75;3 154
JGA-51;CONTRE ECROU;11;10,4;114
JGD14;JOINT;3;9,08;27
JGD14K5;KIT DE 5 JOINTS;2;45,57;91
JGD402-1;BAGUE DEFLECTRICE;0;0;0
JGHV-101-46MP;CHAPEAU D'AIR BP LAITON;6;364,7567;2 189
JGHV436FFK;AIGUILLE;1;159,64;160
JGHV436FYK;AIGUILLE;2;159,64;319
JGHV450-4650;BAGUE DEFLECTRICE;3;380,58;1 142
JGHV73FF;BUSE;3;236,96;711
JGHV73FY;BUSE;2;342,08;684
JGK-449;VALVE D'ELARGISSEMENT;10;157,169;1 572
JGK449KT;KIT VALVE GACHETTE;-10;0;0
JGS-431;SOUPAPE DE VALVE;28;43,87;1 228
JGS72;JOINT;6;6,58;39
JGS72K10;KIT DE 10 JOINTS;5;40,702;204
JGS72K5;KIT DE JOINTS;10;31,1;311
JGV255;AXE DE GACHETTE;3;26,62;80
JGV261K10;KIT DE 10 RESSORTS INOX;7;65,28;457
JGV262;RESSORT;4;15;60
JGV262K5;KIT 5 RESSORTS DE VALVE;4;74,59;298
JM8522-1;Câble HM spirale - Lg. 14m DIV-FR;3; 1 235,9067;3 708
JOINTACC;Joint d'accouplement BICO 150;2;130;260
JOINTORIQUE;JOINT TORIQUE;-4;0;0
JOINTPLATEP5;JOINT PLAT EP 5 DI 100MM DE 120;11;25;275
JP02;POMPE MANUELLE PR ACIDE;4;491,13;1 965
JTCULS;JOINT CULAS;6;60;360
JTCYL;JOINT DE CYLINDRE;6;60;360
K11-38;CULASSE;2;143,19;286
K17-26;AXE DE PISTON;2;2,04;4
K17-27;PISTON;3;145,46;436
K17-28;SEGMENT DE COMPRESSION;21;38,95;818
K17-30;SEGMENT RACLEUR;9;50,14;451
K18-2;VILBREQUIN;3;426,9;1 281
K18-22;BIELLE;4;206,39;826
K18-27;PISTON;3;183,46;550
K18-28;SEGMENT RACLEUR;1;63,35;63
K18-29;SEGMENT HUILEUR;1;55,4;55
K18-30;SEGMENT DE COMPRESSION;1;50,87;51
K18-31;CYLINDRE;9;738,66;6 648
K18-33;JOINT DE CYLINDRE;12;38,05;457
K18-36;JOINT DE PLAQUE;8;29,24;234
K18-37;JOINT DE CULASSE;14;34,57;484
K18-4502;KIT SEGMENT;1;104,17;104
K18-8;VOLANT POUR TETE COMPRK18;1;373,99;374
K30;TETE DE COMPRESSEUR;13; 3 344,3915;43 477
K30-14;NIVEAU D'HUILE;17;15,89;270
K30-20;BOUCHON DE VIDANGE;213;10,39;2 213
K30-27;PISTON BP;9;250,89;2 258
K30-27A;PISTON HP;3;224,55;674
K30-31;CYLINDRE;3;800,03;2 400
K30-35A;CLAPET-LAME HP;58;19,2;1 114
K30-36;CLAPET-LAME BP;2;22,49;45
K30-38;CULASSE;2;672,32;1 345
K30-4;ARRET D'HUILE;0;0;0
K30-402;CLAPET DE RETENUE;34;72,16;2 453
K30-41A;COUVERCLE FILTRE;-2;0;0
K3042B;CORP FILTRE;4;41,78;167
K30-4509;KIT SEGMENT;0;0;0
K30-49;COLLECTEUR;1;249,52;250
KG166;RESSORT PR ENROULEUR;1; 1 211,95;1 212
KG180;MUFLEUR;1;53,3;53
KGP-12-K5;GODET;4;74,56;298
KGP-505;GODET;4;208,4;834
KGP5K5;KIT DE 5 FILTRES;4;110,175;441
KIT;KIT DE 7 JOINT BUTYL VANN;1; 3 133,93;3 134
KITASPIR1;"KIT ASPIRATION 1""";0;380;380
KITCOBRA2;KIT COMPLET COBRA2;-1;0;0
KITD2000-4VA;" GARNITURE PTFE/VITON 4""  ";2; 2 007,87;4 016
KITREFL1;KIT REFOULEMENT;0;320;320
KITTOP;KIT DE COLLAGE POUR TOP;1; 2 037,12;2 037
KK-4503F;KIT ENTRETIEN;2;307,74;615
KK4566FFH;KIT REPARATION AGGS522;1; 1 185,15;1 185
KK-4627;KIT MEMBRANES;1; 1 075,63;1 076
KK-4630;KIT MEMBRANES;5; 1 865,342;9 327
KK-4631;KIT BILLES POMPE STANDARD;3;357,65;1 073
KK-4632;KIT BILLE POMPE CERAMIQUE;2;855,24;1 710
KK-4633;KIT CAPTEUR INVERSEUR;1;404,62;405
KK-4633G;KIT CAPTEUR;1;10,11;10
KK-4634;KIT DISTRIBUTEUR;2;916,54;1 833
KK-4644FFH;KIT REPARATION;1;307,74;308
KK4651F97;KIT 1ER SECOURS;5;315,05;1 575
KK-4690;KIT PISTON;8;187,88;1 503
KK4691;KIT RACCORD AIR;3;643,46;1 930
KK4992;KIT REPARATION AGP;1;242,5;243
KK4993;KIT RESSORT;2;129,02;258
KP-CP-360;POCHETTE DE JOINT 10X12T;3;78,17;235
KR-110-K3;KIT GODET;3;241,96;726
KR115K5;MEMBRANE ANTI GOUTTE;4;34,11;136
KR-11-K3;KIT;5;35,81;179
KR3751;KIT COMPTEUR MECANIQUE;9;39,11;352
KR4454;KIT DE JOINT VIDANGE CART;5;26,29;131
KR484K10;KIT 10 FILTRES 350MICRONS;2;233,27;467
KR5651N;GODET 1/2L 3/8;1;600,42;600
KR566-1-B;GODET 1L;18;539,0094;9 702
KR6201;KIT RECHANGE GROUP+VANNE;5;422,68;2 113
KR6203;KIT GARNITURE RONDELLE;4;59,83;239
KR69;JOINT;1;16,85;17
KS3680;KIT PR SURPRESSEUR HUILE;14;718,64;10 061
KS6380;KIT PR SURPRESS. GRAISSE;2;593,73;1 187
KS7185;KIT PR ENROULEUR;8;421,11;3 369
KWS2M40;FILTRE COTON 58L;6;553,32;3 320
L1120845-001;BRAS DE CHARGEMENT SOURCE  WE2852-003 4'';0;0;0
L2302-99-510;INDICATEUR DE NIVEAU A REGLETTES;0;0;0
LADS2;BLOC TEMPORISE F DECALE;1;290;290
LAM;LAMPE 220V POUR DCMT;5;10;50
LAMPLAST;LAMPE PR VOYANT LUNINEUX EN PLASTIQUE 220V;6;5;30
LANCE-DN80;LANCE MONITOR DN80 ASA150;0;0;0
LANCE-HP;LANCE DE LAVAGE HAUTE PRESSION PR NETTOYEURS;2;350;700
LC1D1156M5;CONT 115A 1F+1O 220V 50HZ 3P+1F+10 COSS;1; 1 650;1 650
LC1D18;CONTACTEUR 5.5KW;1;288,64;289
LCD1506M7;CONT 150A+10 220V50 60 3P+1F+10 COSSF;2; 1 950;3 900
LG2S140T;POMPE DOSEUSE;1; 7 932,59;7 933
LG2S350GT;PRECI POMPE LG2 SIMPLEX MEMBRANE SECHE PTFE DEBIT:350L/H RACC.3/4;0;0;0
LIM-03;LIMITEUR DE DEBIT 1/2;8;111,55;892
LM2305A-12;SURPRESSEUR A HUILE 25KGS;13; 2 851,9508;37 075
LM2350E-21D;SURPRESS.GRAISSE 25KG CPL;2; 4 709,84;9 420
LM2350E-22-B;Pompe à graisse ARO 25 Kgs;8; 7 840,9488;62 728
LP3005-1;UNITE DE GRAISSAGE 200KGS;1; 10 757,22;10 757
LP-360;POCHETTE DE JOINT 6T;11;48,97;539
LPG_50;" FLEXIBLE LG. 6M DIA.2""   ";2;784,35;1 569
LRD16;RELAIS THERMIQUE 12A ;1;199;199
LS-A-10;TUBE MOUSSE AUTO ASPIRANT;8; 5 867,7925;46 942
M100;POMPE SIEBEC MAGNETIQUE CORPS EN POLYPROPYLENE 10M3/H HMT 18M;0;0;0
M15C1;COMPTEUR MONOBLOC;4; 41 699,0625;166 796
M22-K01;CONTACT NC POUR ARRET D'URGENCE;2;16,58;33
M240/2;FILTRE REGULATEUR;2;465;930
M25;COMPTEUR VOLUMETRIQUE A PALETTES 3'' ;1; 39 203,13;39 203
M25ADF;PRESSE ETOUPE M25ADF INOX;18;160;2 880
M30;COMPTEUR MONOBLOC 3'';1; 67 044,67;67 045
M3C6F;POMPE MOINEAU INOX DEBIT 3M3/H;0;0;0
M7C1;ENS DE MESURAGE COMPLET;2; 33 315,93;66 632
MAMEL1/4;MAMELON 1/4;85;6,3824;543
MAMEL-3/4;MAMELON HP Q 3/4;26;23,0877;600
MAMEL_3/4;MAMELON REDUIT 1'' 3/4;13;34,3;446
MAMELON1/2;MAMELON 1/2 PR COMPRESSEUR;-1;0;0
MAN100;MANOMETRE INOX -100°C A +100°C;8;280;2 240
MAN1/4;MANCHON A SOUDER 1/4;6;3,3;20
MAN3D400MM;MANCHETTE 3'' BI FILETEE LONG 400MM;1;88,33;88
MANCH3/4;MANCHON ACIER D3/4 NOIR;50;5;250
MANO16B;MANOMETRE DE 0 A 16 BAR;2;65;130
MANO25B;MANOMETRE 0-25BARS;1;80;80
MAV1C11S;MANOL AC ROND;20; 1 105,3425;22 107
MB-403962HD;CHAPEAU D'AIR;0;0;0
MB-403964HD;CHAPEAU D'AIR 64;15;503,3587;7 550
MB403967HD;CHAPEAU D'AIR;4;340,57;1 362
MB4039-67M;CHAPEAU D'AIR;12;451,18;5 414
MB4039-78;CHAPEAU D'AIR;2;286,14;572
MB4039-80;CHAPEAU D'AIR;3;455,63;1 367
MB51;RACCORD;11;50,51;556
MBC1164K5;KIT DE JOINT;0;0;0
MBC-368;BAGUE DE RETENUE;8;80,25;642
MBC-496DEX;AIGUILLE;7;171,24;1 199
MBD-12;RESSORT DE VALVE;9;10,75;97
MBD-19;RESSORT;4;8,47;34
MC011;"RACC.CX MALE ALU 2""1/2   """;17;449,76;7 646
MC012;"RACC. CX MALE ALU 3""""     """;14;469,54;6 574
MCG1500-10;JAUGEUR MCG1500-10-12-01;0;0;0
MCG2150-B;CONSOLE DE PROGRAMMATION;0;0;0
MCG2350-02;INTERFACE SONDE TEMPERAT.;0;0;0
MCG351-08-01;SONDE DE TEMPERATURE;0;0;0
MCPT;MICROCOMPT ;0;0;0
MD47640;MOTEUR 7.5KW B35 3/6;1; 4 732,5;4 733
MF1CAMLOK;COUPLEUR CAMLOK MF1;9;220;1 980
MF38150;" RACCORD F/COQUILLE D1""1/2";32;192;6 144
MF50200;RACCORD FEMELLE;12;267,34;3 208
MHC-1000A;TAMPON DE PISTE 990MM;2; 7 191,2;14 382
MMBE63;MANCHON ADAPT PE DE63-2'';3;169,58;509
MOT.7.5CV;MOTEUR 7.5CV;10; 1 800;18 000
MOT.APAT.7.5;MOTEUR APAT 7.5CV 1500TR/MN;0;0;0
MP-360;POCHETTE DE JOINT 15T;1;83,76;84
MR100I10;POMPE A ROTOR EXCENTRE;1; 96 157,04;96 157
MSA3;RACCORD AIR  1/4;4;46,33;185
MSA3NB;RACCORD ENTREE AIR 1/4NPS;9;110,25;992
MSAE512ACC;PISTOLET MANUEL EMAIL;0;0;0
MSAE512ACH;PISTOLET AVEC CHAPEAU 62;31; 2 144,3252;66 474
MSAE-512DC;PISTOLET 2.2 CARBURE;-15;0;0
MSG21;RACCORD ENTREE AIR;11;122,67;1 349
MSG22;RAC.ENTREE PRODUIT 3/8;7;130,07;910
MSG451B;ADAPTEUR GODET GRAVITE;1;167,64;168
MSG498;VALVE CHANGEMENT JET;24;190,1413;4 563
MSG614FF186K;PISTOLET DE PEINTURE;1; 1 777,93;1 778
MTG13B;RACCORD PRODUIT 1/4 BSP;1;60,22;60
MX38-1_1/2;RACCORD FEMELLE 1''1/2;5;212,942;1 065
MX40-2;RACCORD FEMELLE 2'';2;373,74;747
MX_50-2;RACCORD FEMELLE EN LAITON;32;308,64;9 876
NEI80-200;GROUPE ELECTROPOMPE HORIZONTALE CENTRIFUGE 40M3/H MARELLI;-1;0;0
NET150BAR;NETTOYEUR HAUTE PRESSION;1; 15 500;15 500
NET200BAR;NETTOYEUR HAUTE PRESSION;2; 26 250;52 500
NHA-0504;FLEXIBLE 10 METRES;1;290,25;290
NHA-6X4;FLEXIBLE 10 METRES;1;169,31;169
NLS-2000;CLE;5;480,76;2 404
NRA-10;PETIT PISTON;4;132,77;531
NRA-113-1;TIGE;5;71,7;359
NRA-113-2;KIT TIGE CARRE;6;60,44;363
NRA-1150;CARDAN;6;205,06;1 230
NRA-134-1;MANETTE;5;62,69;313
NRA-134-2;MANETTE INFERIEUR;7;57,51;403
NRA-291;ENTRETOISE;1;3,55;4
NRA-3001;RESSORT DE PEDALLE;6;45,99;276
NRA-311;COUSSINET;8;201,57;1 613
NRA-7601;RESSORT;9;63,93;575
NRA_77;SECTEUR;2;147,03;294
NRBO-290;ENSEMBLE VALVE;3;153,5;461
OPW-11-A;PISTOLET OPW;1;950;950
OTB-12PSC;BOITIER MURAL 12 PORTS SC;8;550;4 400
P13-360;POCHETTE DE JOINT 13T;5;67,04;335
P29122-100;FILTRE;16;184,05;2 945
P31S105TK13;POMPE DOSEUSE A PISTON DEBIT 1964L/H PRESS.4.5BARS;0;0;0
P31S8TE13;POMPE DOSEUSE A PISTON;2; 21 881,125;43 762
P3-360;POCHETTE DE JOINT 3T;5;49,05;245
P532628EX;BOITE DE DERIVATION ATEX GRP 250X125X125;1;590;590
P571021EX;PRESSE ETOUPE THERMOPLASTIC ATEX PG21 D29MM;1;35;35
P571029EX;PRESSE ETOUPE THERMOPLASTIC ATEX PG29 D.38MM IP68;1;60;60
PA7354;MOTEUR TRIPHASE 1CV;2;968,97;1 938
PAF6000X50X100MM;BARRE UPAF 100;8;247,5;1 980
PALIER;PALIER DE FIXATION 6MM;6;120;720
PANIER;" PANIER INOX 3""           ";-4;0;0
PANN.416M;PANNEAU;4;895,94;3 584
PAOO39AO6;CHECK VALVE;4;566,75;2 267
PASSAGECOLONE4;"PASSSAGE COLONE 4"" PR COLONNE JAUGEAGE MANUEL";-1; 3 419,65;-3 420
PASS.COL;PASSAGE DE COLONNE COMBINE (8'' et 2'') SPECIAL;0;0;0
PC;PC DE SUPERVISION;0;0;0
PD05PBRSPTTB;" POMPE A MEMBRANE 1/2""PTFE";4; 3 687,15;14 749
PD05RBASFTT;" POMPE 1/2"" CORPS ALU     ";6; 4 101,2983;24 608
PD05RBASFTTB;POMPE A MEMBRANE 1/2 BSP;4; 4 477,59;17 910
PD20A-BAP-FTT;POMPE A MEMBRANE;4; 13 439,115;53 756
PE10;POMPE ELECTRIQUE EMULSEUR 10M3/H 12 BARS;0;0;0
PE50;POMPE ELECTRIQUE 50M3/H 60MCL;0;0;0
PF264;ELECTROPOMPE MONOPHASE;1; 2 103,75;2 104
PFT2;PREFILTRE;0;0;0
PHC4482;RACCORD BAI MALE 3/8F;10;167,67;1 677
PHC4523;RACCORD F 1/4 TUY 6X12;4;134,72;539
PHC4527;RACCORD D'AIR 522;171;55,2537;9 448
PHC4543;RACCORD F 3/8 TUY 8X15;-10;0;0
PHC4547;RACCORD;3;57,0467;171
PHC4808-1;RACCORD M 3/8 BSP;25;293,99;7 350
PHCR27;QUEUE DE RACC.RAP.F1/4;5;56,16;281
PH+N16A;PROTECTION PR PRISE MONOPHASE PH+N 16A;1;50;50
PIG-50-SC/50M;PIGTAILS SC MULTIMODE 50/125 um 1.5M;48;30,5;1 464
PISTAUT;PISTOLET AUTOMATIQUE GA;0;0;0
PKZM01-2.5;BLOC CONTACT POUR DISJONCTEUR PKZM01 2.5;2;44;88
PLAN5154;SOCLE D91 ET D291 109;0;0;0
PLAQUE;PLAQUES D'IDENTIFICATION;4;96,755;387
PN20DN150;"BRIDE 6"" P20BARS ";2;320;640
POT;POT A EGOUTTURES;4;459,575;1 838
POULIE;POULIE 150MM;0;0;0
PR1005F000;ENS.REDUCTION;4; 1 767,02;7 068
PR2000;JEUX DE JOINT PPE R13000;4;164,21;657
PR2000D000;ENS.REGLAGE;4; 1 099,48;4 398
PR5005B000;ENS MEMBRANE D68;1; 1 540,1;1 540
PR6004K000;BOITE A CLAPET REFOULEMT;1;532,48;532
PRISE;PRISE RAPIDE MALE 1/4;0;0;0
PRISE-7BRS;PRISE 7 BARS PR LIAISON VERS CAMION GPL;0;0;0
PRO-100-T1-K;CHAPEAU D'AIR GTI PRO;2;553,64;1 107
PRO-100-T2-K;CHAPEAU D'AIR GTI PRO;2;553,64;1 107
PRO-200-13K;BUSE INOX GTI PRO 13;0;0;0
PRO-200-14K;BUSE INOX GTI PRO 14;2;257,84;516
PRO-300-K;AIGUILLE INOX GTI PRO;2;128,92;258
PRO-3-K;KIT REGLAGE PRODUIT;5;147,494;737
PRO-404-K;ENSEMBLE VALVE D'AIR;10;130,902;1 309
PROGICIEL;PROGICIEL TELJ;0;0;0
PR+SOUD+CL316L;FOURNITURE,PREPARATION,SOUDURE ET POSE CLAPET;2; 2 625;5 250
PR+SOUD+FIL316L;FOURNITURE,PREPARATION, SOUDURE ET POSE FILTRE;2; 3 510;7 020
PT100;SONDE DE TEMPERATURE -10° A +60°;0;0;0
PT100X2;SONDE PT100X2  -200 A +500°C;2; 3 833,955;7 668
PT-78-K60;KIT DE SEAU INTERNE JETABLE;1; 1 317,42;1 317
PTL-412-K8;KIT DE SEAU INTERNE;-1; 6 221,86;-6 222
PTL-78-K10;KIT DE SEAU INTERNE;-2;0;0
PULVER-304L;PULVERISATEUR INOX 304L TYPE K20H DEBIT 35M3/H A 4 BARS;0; 2 287,39;2 287
PXBB3911;Contact pneumatique DIV-FR;2;389,21;778
QMF_1007;SORTIE PRODUIT;4;327,87;1 311
QMS-436;DOUBLE DETENTE;0;39,98;40
QS-44K4;KIT PALETTE;5;180;900
QS-5012-CE;AGITATEUR PNEUMATIQUE AV REDUCTEUR;2; 6 839,215;13 678
QS576H-G;AGITATEUR PNEUMATIQUE;1;0;0
R13-1500;JEU DE JOINT VERIN R13;4;629,28;2 517
R1-360;JEU DE JOINT;1;114,64;115
R1821;MANOMETRE DE GONFLAGE;145;362,3968;52 548
R27121.100B;REGULATEUR;1;89,91;90
R5-029;VALVE COMPLETTE;5;164,85;824
R5-1500;JEU DE JOINT;11;226,03;2 486
RAC.1-1/2SERTI;"RACCORD+SERTISSAGE FLEXIBLE 1""/12 LONG:40M";3;446;1 338
RACALU;RACCORD SYMETRIQUE EN ALU;1;850;850
RACC.DIAM1;"RACCORD TOURNANT 1""";0;0;0
RAC.D6X1/8;RACCORD RILSAN LAITON D6X1/8;-20;0;0
RAC.D8X1/8;RACCORD D6X1/8 ET D8X1/8;-50;0;0
RACFILETE3;" RACCORD MALE 3"" LONG.40M ";1; 1 051;1 051
RAC.M6;RACCORD DE GRAISSE M6 AVEC OLIVE;-50;0;0
RAC.M8;RACCORD DE GRAISSE M8 AVEC OLIVE;-50;0;0
RACM8X1/4;RACCORD RILSAN MALE 8X1/4;8;10;80
RAC.M/F11/2;" RACCORD M/F 1""1/2        ";1;588;588
RAC-PAR-FUS;RACCORDEMENT BRIN FIBRE OPTIQUE PAR FUSION;8;960;7 680
RBSA100200;GROUPE ELECTROPOMPE POUR TRANSFERT DE GASOIL;0;0;0
RBSA100400;GROUPE ELECTROPOMPE POUR TRANSFERT D'ESSENCE;0;0;0
RBSA125400;ELECTROPOMPE CENTRIFUGE POUR HYDROCARBURES;0;0;0
RDAL321/2;" REDUCTION SYM.ALU3""2""1/2 ";2;637,26;1 275
RED1-1/2X3/4;"REDUCTION 1""1/2 X 3/4";8;45;360
RED3X2;"REDUCTION 3""X2""";8;87,5;700
RED4X3;REDUCTION DN 4 X 3;2;36;72
RED6X4;"REDUCTION DE 6"" A 4"" CENCENTRIQUE ACH 40";2;115;230
REDD1F3/8F;"REDUCTION 1"" F 3/8 F";1;68;68
REDD1FX1/4F;"REDUCTION 1"" F 1/4F";1;68;68
REGUL.1/4;REGULATEUR 1/4;-1;0;0
REGUL-AIR1/4;REGULATEUR D'AIR 1/4;3;295;885
RELAIS;RELAIS A SEUIL;2;895,03;1 790
REP55;PRIMER REP 55;3;50;150
REP.FLEX1;"REPARATION FLEXIBLE 1""";0;0;0
RESS_LAME;RESSORT A LAME;4;800;3 200
RESSP18L;Réservoir sous pression 18L;1; 2 375;2 375
RFLEX;GORGE D'ASPIRATION;-1;0;0
RIL.6MM;TECALENT BLEU DIAM.6MM;-100;0;0
RIL.8MM;TECALENT BLANC DIAM.8MM;-80;7;-560
RIL.8MMBLEU;TECALENT BLEU DIAM.8MM;-100;0;0
ROTULE;GENOUILLE Z PR PISTOLET;13;169,81;2 208
ROULBILLE;ROULEMENT A BILLE;-4;0;0
RP-TP-360;POCHETTE DE JOINT 25X30T;13;179,65;2 335
RS1245-06;" KIT BREAK TODO 2""        ";3; 1 045,97;3 138
RS1345-06;" KIT BREAK CPL TODO 3""    ";3; 1 462,18;4 387
S104;VACOMETRE VIDANGE CARTER;3;117,99;354
S-28218-K5;KITS DE JOINTS;7;53,6643;376
S-28219;JOINT TORIQUE;2;7,71;15
S-28219-K10;KIT DE 10 JOINTS;11;72,0809;793
S-28219-K5;KIT DE 5 JOINT COBRA2;1;38,53;39
S-28220;JOINT TORIQUE;5;10,63;53
S-28220-K5;KIT DE 5 JOINTS;18;47,61;857
S-28221;JOINT TORIQUE;7;8,41;59
S-28221-K10;KIT 10 JOINTS;5;67,03;335
S-28223;JOINT;4;7,25;29
S-28223-K10;KIT 10 JOINTS;6;52,69;316
S-28224;JOINT TORIQUE;9;7,71;69
S-28224K10;KIT DE 10 JOINTS;9;76,31;687
S-28224-K5;KIT DE 5 JOINTS;1;38,53;39
S-28225;JOINT TORIQUE;3;27,9;84
S-28225-K5;KIT DE JOINTS;-2;0;0
SEDPW3S21;"TUBE PLONGEUR 3"" LG.2150BIS";0;0;0
SEDPW4S21;"TUBE PLONGEUR 4"" LG.2150BIS";0;0;0
SEF-1515;" EMBOUT TOURNANT 1""1/2    ";3;198,83;596
SEF-2020;" EMBOUT TOURNANT 2""       ";4;211,68;847
SID;SILENT BLOC;452;14,241;6 437
SIEGE;SIEGE SUP A GRAISSE;3;100;300
SMA-1515;" ADAPTEUR MALE 1""1/2      ";1;185,52;186
SMA-2020;"ADAPTEUR MALE 2""";-2;0;0
SMUF3.65MM;PROTECTEUR D EPISSURE SMUF 3.65mm;48;6;288
SN-34-K5;JOINT DE SOUPAPE;15;95,9753;1 440
SN-402-K;VALVE;8;400,485;3 204
SN-404-K;PRESSE-ETOUPE;2;61,39;123
SN-40-K;RACCORD D'ENTREE AIR;6;67,7683;407
SN-42-K;GACHETTE;10;85,032;850
SN-6-K;BAGUE DE CORPS ET JOINT;46;163,103;7 503
SN-9-K;Raccord d'air;10;91,54;915
SONDE;SONDE DE TEMPERATURE+RACCORD;2; 1 052,23;2 104
SONDE-DENSIT;SONDE DE MESURE DENSITE;0;0;0
SP-100-430-K;CHAPEAU;18;494,9144;8 908
SP-100-443-K;CHAPEAU D'AIR;33;559,7561;18 472
SP-100-470;CHAPEAU D'AIR;4;642,95;2 572
SP-100-497K;CHAPEAU D'AIR;4;627,09;2 508
SP-100-510;CHAPEAU 510;5;625,79;3 129
SP-100-513-K;CHAPEAU D'AIR;20;459,38;9 188
SP-100-522-K;CHAPEAU/BAGUE COMPACT;24;535,7208;12 857
SP-200S-10K;BUSE 1MM;35;440,6574;15 423
SP-200S-12K;BUSE 1.2;4;301,83;1 207
SP-200S-13;BUSE 1.3;2;131,835;264
SP-200S-14;BUSE 1.4;12;263,67;3 164
SP-200S-16K;BUSE COMPACT 1.6;18;376,5039;6 777
SP-200S-18K;BUSE COMPACT 1.8MM;28;327,46;9 169
SP-247C-28;BUSES CARBURE 2.8;3; 1 106,49;3 319
SP-247N-28;BUSE NITRURE 2.8;6;327,46;1 965
SP-300C-28;AIGUILLES CARBURE 2.8;3;788,67;2 366
SP-300N-28;AIGUILLE NITRURE 2.8;1;102,14;102
SP-300S-10K;AIGUILLE 1MM;31;134,3287;4 164
SP-300S-12K;AIGUILLE 1.2MM;5;88,41;442
SP-300S-14;AIGUILLE 1.4;16;93,6;1 498
SP-300S-16K;AIGUILLE COMPACT 1.6;28;118,4436;3 316
SP-300S-18K;AIGUILLE COMPACT 1.8MM;29;102,14;2 962
SP-300S-22-K;AIGUILLE;1;111,16;111
SP-360;POCHETTE DE JOINT 20T;8;123,09;985
SP-401-K;VALVE;10;117,73;1 177
SP-402-K;VALVE;2;303,345;607
SP-612-K;LOGEMENT SOUPAPE D'AIR;1;93,96;94
SP-614-K;KIT DE VIS DE REGLAGE;29;72,3345;2 098
SP-622-K5;KIT DE 5 RESSORTS;29;104,799;3 039
SP-623-K5;KIT JOINT SEPARATEUR;10;112,35;1 124
SP-626-K5;KIT DE 5 SEPARATEURS;19;88,6084;1 684
SPA-10;RONDELLE;0;0;0
SPA-100-E70;CHAPEAU D'AIR;0;0;0
SPA-11;ETOUPE SOUFFLETS;0;0;0
SPA-112;JOINT;2;112,19;224
SPA-16-K2;JOINT DE BAGUE;0;0;0
SPA-17-K5;KIT DE JOINTS;0;0;0
SPA-19;BOUTON;4;53,7;215
SPA-20-K2;KITS;13;128,76;1 674
SPA-254-28-K;BUSE CARBURE 2.8;0;0;0
SPA-29X-K4;KIT DE JOINT;11;112,77;1 240
SPA-320-14-K;BUSE PR COBRA2;5;307,24;1 536
SPA-320-16-K;BUSES;10;286,21;2 862
SPA-352-K;AIGUILLES;0;0;0
SPA-60-1-K;KIT PR COBRA2;1;688,04;688
SPC-0150;" RACCORD VITON 1""1/2      ";3;305,88;918
SPC-0200;" RACCORD VITON 2""         ";28;361,84;10 132
SPK-401-10;KIT D'ENTRETIEN;3;865,24;2 596
SPK-401-10AB;KIT S/BUSES ET AIGUILLES;10;415,95;4 160
SPK-401-14;KIT ENTRETIEN COMPACT 1.4;4;828,06;3 312
SPK-402-K;KIT SERVICE;3;313,17;940
SPN-8-K2-K;JEUX DE CLES;3;43,2433;130
SPSUR-PN100;SOUPAPE DE SURETE PN100 MARQUE ARI;2; 4 000;8 000
SRI-19K2;BOUTON DE REGLAGE;2;123,43;247
SRI-39;AIGUILLE;4;272,98;1 092
SRI-416;KIT ENTRETIEN;6;336,25;2 018
SRI478K12;GODET+COUVERCLE KIT DE 12;1;300,09;300
SRIHD-TS1-10;PISTOLET SRI PRO;12; 1 854,915;22 259
SRIPRO100HS1;CHAPEAUX;5;378,65;1 893
SRIPRO200-10;BUSES;5;440,29;2 201
SRIPRO-2K5;KIT DE 5 SEPARATEURS;6;52,2583;314
SRIPRO300-08;AIGUILLES;5;135,02;675
SRIPROHS1-10;PISTOLET GRAVITE;4; 1 824,1925;7 297
SRIPROTS1-10;PISTOLET RETOUCHE;-3;0;0
SSF3156K8;KIT DE 8 VIS;4;86,95;348
SSG8083;JOINT;3;6,68;20
SSG8083K5;KIT 5 JOINTS;3;36,58;110
SSG8174VIK15;KIT DE 15 JOINTS;14;96,56;1 352
SSG8190;JOINT EN TEFLON;2;7,36;15
SSG8190K5;KIT 5 JOINTS;10;57,15;572
SST7711;RONDELLE JOINT;7;31,63;221
SST7713;RONDELLE JOINT;13;44,38;577
SST8453K5;KIT DE 5 CIRCLIPS;2;41,81;84
STB-0150;" MANCHON D'ESSAI 1""1/2    ";4;24,69;99
STB-0200;" MANCHON D'ESSAI 2""       ";31;30,35;941
STC-0200;" BOUCHON TEST 2""          ";7;134,19;939
STF-2020;EMBOUT EN TE;13;370,41;4 815
STW150;"FLEXIBLE ASPIRATION/REFOULEMENT ""ANNEAU JAUNE"" DIAM 6'' LG. 16m";0;0;0
SUPEREGO;POMPE D'ESSAI SUPER EGO;1; 2 916;2 916
SUPP;SUPPORT EN TOLE ACIER;18;75;1 350
SUPPFIX;SUPPORT DE FIXATION;3;50;150
SURPG130/30;SURPRESSEUR A GRAISSE;1; 2 990,99;2 991
SZ81000;EPURATEUR D'AIR 1/2'';15;147,9407;2 219
T1000X2000X20/10;TOLE EP. 2MM;32;7,4;237
T1000X2000X4;TOLE EP 4MM 2X1MM;128;7,3;934
T1000X2000X6;TOLE EP. 6MM;96;7,4;710
T1250X2500X4;TOLE EN FER 1250X2500X4; 1 200;7,3333;8 800
T1250X2500X5/7;TOLE STRIE 1250X2500X5/7;143;8,5;1 216
T2000X1000;TOLE EN FER 2000X1000;6;467,2;2 803
T2000X1000X2;TOLE 2000X1000X2;32;7,2;230
T2000X1000X3;TOLE STRIE 2000X1000X3;312;7,9;2 465
T2MX1MEP6MM;TOLE NOIRE 2MX1M EPAISSEUR 6MM;96;7,4;710
TAMP-ACCPL;TAMPON PR ACCOUPLEMENT;-1;0;0
TE206;TE EGALE 206;14;139,82;1 957
TE33;TUBE 100GR EPPLE 3;2;338,75;678
TE-DIAM8;REE RACCORD RAPIDE DIAM.8;8;19;152
TEST.HYD.MAN;TESTEUR HYDRAU.MANUEL;0;0;0
TEST-LIAISON06FO;DIAGNOSTIQUE DE LIAISON OPTIQUE 12FO PAR REFLECTOMETERIE ET RAPR.TEST;4;800;3 200
TFFLEX-FUEL;FLEXIBLE PVC TRESSE DN25;1;73,78;74
TH60-90;THERMOSTAT 60ø ET 90ø;1;54;54
THERM-66;THERMOMETRE DE -40°C A 66°C;0;0;0
THERMOATEX;THERMOMETRE DE PRECISION ATEX -200 A +850°C;1; 10 184,08;10 184
TIR-24PEXSSCV;TIROIRE EQUIPE DE 24 COUPLEURS SC MM;1;726;726
TKHC100020AA;ELECTROPOMPE CENTRIFUGE 50M3/H;0; 6 885,39;6 885
TKHC125030AA;POMPE CENTRIFUGE MULTICELLULAIRE;0;0;0
TO5600-1107;" ADAPTEUR TODO 4"" AL/VITON";1; 6 444,1;6 444
TOILAC160MC;TOILE EN ACIER 160 MICRON;1;530;530
TOILAC190MC;TOILE EN ACIER 190 MICRON;2;530;1 060
TOILACINOX30;Toile Acier Inox 30;1,75;440;770
TPW4;TEMPERATURE PROBE /WELL;1; 1 335;1 335
TR100-380/220;TRANSFO DE CDE MONO 100VA 380/220V;1;205;205
TRANSMETTEUR;TRANSMETTEUR DE PRESSION;2; 1 112,645;2 225
TSK-210;DEBIMETRE A CIBLE A TRANSMISSION MAGNETIQUE;0;0;0
TUBE08X13;TUBE HYDRAULIQUE 08X13;12;52,64;632
TUBE15X20;TUBE HYDRAULIQUE 15X20;144;59,8;8 611
TUBE20CM;" TUBE GALVANISE 1""1/2 20CM";4;80;320
TUBE60X690EP3-4;TUBE RECTANGULAIRE 60X60 EP.3 OU 4 DE 6ML;13;293,7;3 818
TUBEGALD1-1/2;"TUBE GALVANISE DIAM.1""1/2";12;63,12;757
TUBEPE160;TUBE PE100 DE 160 SDR17;240;144,9247;34 782
TUYAU.ALIM;TUYAUTERIE ALIMENTATION GALVANISE 1/2;-2;0;0
TX1.5;GROUPE ELECTROPOMPE 3M3/H VOLUMETRIQUE BLACKMER PR FUEL;0;0;0
TX4;GROUPE MOTOPOMPE TX4;0;0;0
TXD2A;POMPE BLACKMER;2; 13 658,6;27 317
TXD3E;POMPE VOLUMETRIQUE BLACKMER;0;0;0
TXSD2;GROUPE DE POMPAGE TYPE TXSD2 12M3/H;0;0;0
TXSD2.5;GROUPE MOTOPOMPE VOLUMETRIQUE 30M3/H A PALETTES BLACKMER;0;0;0
U60X30X6;UAC 60X30X6;64;8,5;544
UNION08-1/4S;UNION SIMPLE 08-1/4S;8;12,6488;101
UNION12SX20S;UNION DOUBLE 12SX20S;8;186,2;1 490
UNION20-1/2S;UNION SIMPLE 20-1/2S;18;67,445;1 214
UNION20S;UNION DOUBLE 20S;12;57,58;691
UPN1006ML;Barre UPN100 LG 6M;130;7,4;962
UPN16012ML;BARRE EN UPN DE 12ML;2; 1 672,4;3 345
UPN1606ML;BARRE UPN 160 EN 6ML;2;836,2;1 672
USD6000L;RESERVOIR VERTICALE 6000L;0;0;0
VA38150;" RACCORD M/COQUILLE D1""1/2";31;264,75;8 207
VA50200;RACCORD MALE;37;270,95;10 025
VA-553;ROBINET 3/8MM GAZ 3/8NPS;5;288,14;1 441
VA_554_L72;ROBINET;14;332,3071;4 652
VA555;ROBINET MM 1/4 GAZ;0;0;0
VAN.HP.Q1/2;VANNE HP Q 1/2;5;236,992;1 185
VANNE1/2;" VANNE 1/2""               ";0;0;0
VANNE1/4MM;VANNE A BILLES EN 1/4 M/M;7;34,5;242
VANNE3/8;ENSEMBLE VANNE AVEC Y EN 3/8;1;110;110
VANNEY1/4;ENSEMBLE VANNE AVEC Y EN 1/4;1;110;110
VE101;HUILE HAUTE TEMPERATURE;30;9,31;279
VH83112040;VIS 12X40 HR;60;1,65;99
VH83116090; VIS 16X90 HR;8;5,4;43
VH83118050;VIS 18X50 HR;30;4,48;134
VH8314030;VIS DIN 933 8.8 14X30;20;4,95;99
VH8316060;VIS 16X60 CLASSE 8 HR;32;5,51;176
VH8316065;VIS DIN 933 8.8 16X65;20;9,23;185
VH83200;VIS 20X60 CLASSE 8 HR;20;12,5;250
VH88E12;ECROU 12 HR;60;0,8;48
VH88E16;ECROU 16X60 CLASSE 8 HR;60;1,7447;105
VH88E18;ECROU 18 HR;30;2,3;69
VH88E20;ECROU 20X60 CLASSE 8 HR;20;2,9;58
VIZI-601;MASQUE A GAGOULE;0;0;0
VLP100-05;POMPE A VIDE A PALETTES LUBRIFIEES;0;0;0
VMH068;HUILE MINERALE VM 068 A 300°C;0;0;0
VMH100;HUILE MINERAL/PPE A VIDE;-812;26,101;-21 194
VMH100-S;HUILE MINERAL PR POMPE AVIDE BUSCH;-25;0;0
VPRE70-28-C;PISTOLET AUTOMATIQUE VIPER;0;261,05;261
VS-422-1-7;TAMIS MAILLE 90 MICRONS;10;66,151;662
VS-510-318;ENS FILTRE A PEINTURE;7;509,06;3 563
VX38;RACCORD MALE 1'' 1/2;5;228,562;1 143
VX40-2;RACCORD MALE 2'';2;332,305;665
VX_50-2;RACCORD MALE EN LAITON;31;294,29;9 123
WGO38A;CLE A CHOC;2; 3 620,91;7 242
WGO44A;CLE A CHOC;1; 1 098,04;1 098
WI16-341;BOUTON REGLAGE PRESSION;1;171,5;172
XK02;JAUGE 5000L ACIER;1; 141 388,41;141 388
Y-119-49-C;VIS;10;32,36;324
Y-15-21;GOUPILLE;0;0;0
Y-183-4;COUPELLES;3;63,76;191
Y-186-4;JOINT;14;58,4514;818
Y-186-6;COUPELLES;1;68,38;68
Y-19108C;VIS;33;7,98;263
Y-1987;VIS;40;4,35;174
Y-240-7;JOINT;10;57,94;579
Y-325-110;JOINTS;91;5,76;524
Y-325-112;JOINTS;58;5,62;326
Y-325-122;JOINT TORIQUE;29;21,46;622
Y-325-14;JOINTS;72;2,94;212
Y-325-15;JOINTS;15;11,32;170
Y-325-206;JOINT;14;47,41;664
Y-325-22;JOINTS;95;13,36;1 269
Y-325-237;JOINT TORIQUE;5;32,87;164
Y-325-350;JOINT;12;26,96;324
Y-327-115;JOINTS;2;23,65;47
Y-6-42;VIS;31;7,98;247
Z610A;ELECTROVANNE 24VAC;3;540;1 620
ZLND65250;POMPE CENTRIFUGE MONOCELLULAIRE HORIZONTALE;1; 14 200;14 200
ZT850;COMPRESSEUR A AIR SILENT.;10; 16 841,252;168 413
ZV438.3;" PISTOLET 1"" 1/2          ";2; 2 553,08;5 106
ZV438.4;" PISTOLET RAVITAILLEMT 2"" ";5; 2 553,08;12 765
